,,Age,Campaign Ad group Status Bid adj. help_outline Avg. CPM help_outline Impr. help_outline Interactions help_outline Interaction rate help_outline Avg. cost help_outline Cost help_outline Conv. rate help_outline Conversions help_outline Cost / conv. help_outline
Total: Ages,,,,"€4.96 474,315 3,176 Clicks, engagements 0.67% €0.74 €2,350.52 2.45% 77.75 €30.23"
,,18 - 24,Ehsan - Generic Search_Dutch_NL/BE Broad Campaign paused — — 0 0 — — €0.00 0.00% 0.00 €0.00
,,18 - 24,S | Brand | NL Brand Campaign paused — €2.73 11 3 Clicks 27.27% €0.01 €0.03 33.33% 1.00 €0.03
,,18 - 24,Ehsan - Generic Search_Dutch_NL/BE Phrase - Competitor Campaign paused — — 0 0 — — €0.00 0.00% 0.00 €0.00
,,18 - 24,Ehsan - Generic Search_Dutch_NL/BE Exact Campaign paused — — 0 0 — — €0.00 0.00% 0.00 €0.00
,,18 - 24,Remarketing Add payment info Campaign paused — — 0 0 — — €0.00 0.00% 0.00 €0.00
,,18 - 24,S | General | NL competitor anni rolfi Campaign paused — — 0 0 — — €0.00 0.00% 0.00 €0.00
,,18 - 24,S | General | NL competitor blom kousen Campaign paused — — 0 0 — — €0.00 0.00% 0.00 €0.00
,,18 - 24,S | General | NL competitor calzedonia Campaign paused — — 0 0 — — €0.00 0.00% 0.00 €0.00
,,18 - 24,S | General | NL competitor falke Campaign paused — — 0 0 — — €0.00 0.00% 0.00 €0.00
,,18 - 24,S | General | NL competitor hedoïne Campaign paused — — 0 0 — — €0.00 0.00% 0.00 €0.00
,,18 - 24,S | General | NL competitor heist studios Campaign paused — — 0 0 — — €0.00 0.00% 0.00 €0.00
,,18 - 24,S | General | NL competitor hema Campaign paused — — 0 0 — — €0.00 0.00% 0.00 €0.00
,,18 - 24,S | General | NL competitor hunkemoller Campaign paused — — 0 0 — — €0.00 0.00% 0.00 €0.00
,,18 - 24,S | General | NL competitor kruidvat Campaign paused — — 0 0 — — €0.00 0.00% 0.00 €0.00
,,18 - 24,S | General | NL competitor kunert Campaign paused — — 0 0 — — €0.00 0.00% 0.00 €0.00
,,18 - 24,S | General | NL competitor marcmarcs Campaign paused — — 0 0 — — €0.00 0.00% 0.00 €0.00
,,18 - 24,S | General | NL competitor oroblu Campaign paused — — 0 0 — — €0.00 0.00% 0.00 €0.00
,,18 - 24,S | General | NL competitor sheertex Campaign paused — — 0 0 — — €0.00 0.00% 0.00 €0.00
,,18 - 24,S | General | NL competitor snag tights Campaign paused — — 0 0 — — €0.00 0.00% 0.00 €0.00
,,18 - 24,S | General | NL competitor swedish stockings Campaign paused — — 0 0 — — €0.00 0.00% 0.00 €0.00
,,18 - 24,S | General | NL competitor wolford Campaign paused — — 0 0 — — €0.00 0.00% 0.00 €0.00
,,18 - 24,S | General | NL competitor zeeman Campaign paused — — 0 0 — — €0.00 0.00% 0.00 €0.00
,,18 - 24,S | General | NL panty 30 dernier Campaign paused — — 0 0 — — €0.00 0.00% 0.00 €0.00
,,18 - 24,S | General | NL panty 30 dernier plus size Campaign paused — — 0 0 — — €0.00 0.00% 0.00 €0.00
,,18 - 24,S | General | NL panty 50 dernier Campaign paused — — 0 0 — — €0.00 0.00% 0.00 €0.00
,,18 - 24,S | General | NL panty 80 dernier Campaign paused — — 0 0 — — €0.00 0.00% 0.00 €0.00
,,18 - 24,S | General | NL panty anti ladder Campaign paused — €97.22 18 1 Clicks 5.56% €1.75 €1.75 0.00% 0.00 €0.00
,,18 - 24,S | General | NL panty anti ladder 30 den Campaign paused — — 0 0 — — €0.00 0.00% 0.00 €0.00
,,18 - 24,S | General | NL panty anti ladder best Campaign paused — — 0 0 — — €0.00 0.00% 0.00 €0.00
,,18 - 24,S | General | NL panty anti ladder zwart Campaign paused — — 0 0 — — €0.00 0.00% 0.00 €0.00
,expand_more,Total: Ages,,"€4.96 474,315 3,176 Clicks, engagements 0.67% €0.74 €2,350.52 2.45% 77.75 €30.23"
,expand_more,Total: Expansion and optimised targeting,,— 0 0 — — €0.00 0.00% 0.00 €0.00
Total: Ages,,,,"€4.96 474,315 3,176 Clicks, engagements 0.67% €0.74 €2,350.52 2.45% 77.75 €30.23"
,,18 - 24,Ehsan - Generic Search_Dutch_NL/BE Broad Campaign paused — — 0 0 — — €0.00 0.00% 0.00 €0.00
,,18 - 24,S | Brand | NL Brand Campaign paused — €2.73 11 3 Clicks 27.27% €0.01 €0.03 33.33% 1.00 €0.03
,,18 - 24,Ehsan - Generic Search_Dutch_NL/BE Phrase - Competitor Campaign paused — — 0 0 — — €0.00 0.00% 0.00 €0.00
,,18 - 24,Ehsan - Generic Search_Dutch_NL/BE Exact Campaign paused — — 0 0 — — €0.00 0.00% 0.00 €0.00
,,18 - 24,Remarketing Add payment info Campaign paused — — 0 0 — — €0.00 0.00% 0.00 €0.00
,,18 - 24,S | General | NL competitor anni rolfi Campaign paused — — 0 0 — — €0.00 0.00% 0.00 €0.00
,,18 - 24,S | General | NL competitor blom kousen Campaign paused — — 0 0 — — €0.00 0.00% 0.00 €0.00
,,18 - 24,S | General | NL competitor calzedonia Campaign paused — — 0 0 — — €0.00 0.00% 0.00 €0.00
,,18 - 24,S | General | NL competitor falke Campaign paused — — 0 0 — — €0.00 0.00% 0.00 €0.00
,,18 - 24,S | General | NL competitor hedoïne Campaign paused — — 0 0 — — €0.00 0.00% 0.00 €0.00
,,18 - 24,S | General | NL competitor heist studios Campaign paused — — 0 0 — — €0.00 0.00% 0.00 €0.00
,,18 - 24,S | General | NL competitor hema Campaign paused — — 0 0 — — €0.00 0.00% 0.00 €0.00
,,18 - 24,S | General | NL competitor hunkemoller Campaign paused — — 0 0 — — €0.00 0.00% 0.00 €0.00
,,18 - 24,S | General | NL competitor kruidvat Campaign paused — — 0 0 — — €0.00 0.00% 0.00 €0.00
,,18 - 24,S | General | NL competitor kunert Campaign paused — — 0 0 — — €0.00 0.00% 0.00 €0.00
,,18 - 24,S | General | NL competitor marcmarcs Campaign paused — — 0 0 — — €0.00 0.00% 0.00 €0.00
,,18 - 24,S | General | NL competitor oroblu Campaign paused — — 0 0 — — €0.00 0.00% 0.00 €0.00
,,18 - 24,S | General | NL competitor sheertex Campaign paused — — 0 0 — — €0.00 0.00% 0.00 €0.00
,,18 - 24,S | General | NL competitor snag tights Campaign paused — — 0 0 — — €0.00 0.00% 0.00 €0.00
,,18 - 24,S | General | NL competitor swedish stockings Campaign paused — — 0 0 — — €0.00 0.00% 0.00 €0.00
,,18 - 24,S | General | NL competitor wolford Campaign paused — — 0 0 — — €0.00 0.00% 0.00 €0.00
,,18 - 24,S | General | NL competitor zeeman Campaign paused — — 0 0 — — €0.00 0.00% 0.00 €0.00
,,18 - 24,S | General | NL panty 30 dernier Campaign paused — — 0 0 — — €0.00 0.00% 0.00 €0.00
,,18 - 24,S | General | NL panty 30 dernier plus size Campaign paused — — 0 0 — — €0.00 0.00% 0.00 €0.00
,,18 - 24,S | General | NL panty 50 dernier Campaign paused — — 0 0 — — €0.00 0.00% 0.00 €0.00
,,18 - 24,S | General | NL panty 80 dernier Campaign paused — — 0 0 — — €0.00 0.00% 0.00 €0.00
,,18 - 24,S | General | NL panty anti ladder Campaign paused — €97.22 18 1 Clicks 5.56% €1.75 €1.75 0.00% 0.00 €0.00
,,18 - 24,S | General | NL panty anti ladder 30 den Campaign paused — — 0 0 — — €0.00 0.00% 0.00 €0.00
,,18 - 24,S | General | NL panty anti ladder best Campaign paused — — 0 0 — — €0.00 0.00% 0.00 €0.00
,,18 - 24,S | General | NL panty anti ladder zwart Campaign paused — — 0 0 — — €0.00 0.00% 0.00 €0.00
,expand_more,Total: Ages,,"€4.96 474,315 3,176 Clicks, engagements 0.67% €0.74 €2,350.52 2.45% 77.75 €30.23"
,expand_more,Total: Expansion and optimised targeting,,— 0 0 — — €0.00 0.00% 0.00 €0.00
,expand_more,Total: Account,,"€8.18 825,725 20,516 Clicks, engagements 2.48% €0.33 €6,757.84 0.74% 151.00 €44.75"
,expand_more,Total: Search campaigns,,"€72.70 27,902 1,736 Clicks 6.22% €1.17 €2,028.48 4.48% 77.75 €26.09"
,expand_more,Total: Display campaigns,,— 0 0 — — €0.00 0.00% 0.00 €0.00
,expand_more,Total: Shopping campaigns,,"€18.00 2,911 44 Clicks 1.51% €1.19 €52.41 0.00% 0.00 €0.00"
,expand_more,Total: Smart campaigns,,— 0 0 — — €0.00 0.00% 0.00 €0.00
,expand_more,Total: Demand Gen campaigns,,"€0.72 446,413 1,440 Clicks, engagements 0.32% €0.22 €322.04 0.00% 0.00 €0.00"
,expand_more,Total: Performance Max campaigns,,"€12.50 348,499 17,296 Clicks, engagements 4.96% €0.25 €4,354.91 0.42% 73.25 €59.45"
Total: Ages,,,,"€4.96 474,315 3,176 Clicks, engagements 0.67% €0.74 €2,350.52 2.45% 77.75 €30.23"
,,18 - 24,S | General | NL panty bijenkorf Campaign paused — — 0 0 — — €0.00 0.00% 0.00 €0.00
,,18 - 24,S | General | NL panty does not break Campaign paused — €121.04 73 5 Clicks 6.85% €1.77 €8.84 0.00% 0.00 €0.00
,,18 - 24,S | General | NL panty ladder resist Campaign paused — — 0 0 — — €0.00 0.00% 0.00 €0.00
,,18 - 24,S | General | NL panty onverwoestbare Campaign paused — €141.35 37 2 Clicks 5.41% €2.62 €5.23 0.00% 0.00 €0.00
,,18 - 24,S | General | NL panty stippen Campaign paused — €96.55 29 1 Clicks 3.45% €2.80 €2.80 0.00% 0.00 €0.00
,,18 - 24,S | General | NL panty strong Campaign paused — €0.00 59 0 0.00% — €0.00 0.00% 0.00 €0.00
,,18 - 24,S | General | NL panty zwarte Campaign paused — — 0 0 — — €0.00 0.00% 0.00 €0.00
,,18 - 24,Remarketing Visitors 7 days Campaign paused — — 0 0 — — €0.00 0.00% 0.00 €0.00
,,18 - 24,S | Competitors | NL competitor anni rolfi Campaign paused — — 0 0 — — €0.00 0.00% 0.00 €0.00
,,18 - 24,S | Competitors | NL competitor blom kousen Campaign paused — — 0 0 — — €0.00 0.00% 0.00 €0.00
,,18 - 24,S | Competitors | NL competitor calzedonia Campaign paused — — 0 0 — — €0.00 0.00% 0.00 €0.00
,,18 - 24,S | Competitors | NL competitor heist studios Campaign paused — — 0 0 — — €0.00 0.00% 0.00 €0.00
,,18 - 24,S | Competitors | NL competitor kruidvat Campaign paused — — 0 0 — — €0.00 0.00% 0.00 €0.00
,,18 - 24,S | Competitors | NL competitor oroblu Campaign paused — — 0 0 — — €0.00 0.00% 0.00 €0.00
,,18 - 24,S | Competitors | NL competitor sheertex Campaign paused — — 0 0 — — €0.00 0.00% 0.00 €0.00
,,18 - 24,S | Competitors | NL competitor snag tights Campaign paused — — 0 0 — — €0.00 0.00% 0.00 €0.00
,,18 - 24,S | Competitors | NL competitor wolford Campaign paused — — 0 0 — — €0.00 0.00% 0.00 €0.00
,,18 - 24,S | Competitors | NL competitor zeeman Campaign paused — — 0 0 — — €0.00 0.00% 0.00 €0.00
,,18 - 24,S | Competitors | NL competitor falke Campaign paused — — 0 0 — — €0.00 0.00% 0.00 €0.00
,,18 - 24,S | Competitors | NL competitor hedoïne Campaign paused — — 0 0 — — €0.00 0.00% 0.00 €0.00
,,18 - 24,S | Competitors | NL competitor hema Campaign paused — — 0 0 — — €0.00 0.00% 0.00 €0.00
Total: Ages,,,,"€4.96 474,315 3,176 Clicks, engagements 0.67% €0.74 €2,350.52 2.45% 77.75 €30.23"
,,18 - 24,S | General | EU | DE strumpfhosen ladder resist Campaign paused — — 0 0 — — €0.00 0.00% 0.00 €0.00
,,18 - 24,S | General | EU | DE strumpfhosen onverwoestbare Campaign paused — — 0 0 — — €0.00 0.00% 0.00 €0.00
,,18 - 24,S | General | EU | DE strumpfhosen stippen Campaign paused — — 0 0 — — €0.00 0.00% 0.00 €0.00
,,18 - 24,S | General | EU | EN tights 80 den Campaign paused — €0.00 15 0 0.00% — €0.00 0.00% 0.00 €0.00
,,18 - 24,S | General | EU | EN tights anti ladder Campaign paused — €54.39 138 9 Clicks 6.52% €0.83 €7.51 0.00% 0.00 €0.00
,,18 - 24,S | General | EU | EN tights does not break Campaign paused — €43.37 281 18 Clicks 6.41% €0.68 €12.19 0.00% 0.00 €0.00
,,18 - 24,S | General | EU | EN tights ladder resist Campaign paused — €14.34 52 3 Clicks 5.77% €0.25 €0.75 0.00% 0.00 €0.00
,,18 - 24,S | Brand | UK Brand Campaign paused — — 0 0 — — €0.00 0.00% 0.00 €0.00
,,18 - 24,S | General | UK tights 80 den Campaign paused — — 0 0 — — €0.00 0.00% 0.00 €0.00
,,18 - 24,S | General | UK tights anti ladder Campaign paused — €241.82 11 1 Clicks 9.09% €2.66 €2.66 0.00% 0.00 €0.00
,,18 - 24,"S | General | UK tights does not break Campaign paused — €1,185.00 2 1 Clicks 50.00% €2.37 €2.37 0.00% 0.00 €0.00"
,,18 - 24,S | General | UK tights ladder resist Campaign paused — — 0 0 — — €0.00 0.00% 0.00 €0.00
,,18 - 24,S | General | UK competitors Campaign paused — — 0 0 — — €0.00 0.00% 0.00 €0.00
,,18 - 24,S | General | UK tights black Campaign paused — — 0 0 — — €0.00 0.00% 0.00 €0.00
,,18 - 24,S | General | EU | DE competitors Campaign paused — — 0 0 — — €0.00 0.00% 0.00 €0.00
,,18 - 24,S | Brand | EU | EN Brand Campaign paused — — 0 0 — — €0.00 0.00% 0.00 €0.00
,,18 - 24,S | General | EU | EN competitors Campaign paused — — 0 0 — — €0.00 0.00% 0.00 €0.00
,,18 - 24,S | General | EU | EN tights black Campaign paused — — 0 0 — — €0.00 0.00% 0.00 €0.00
,,18 - 24,S | Brand | EU | FR Brand Campaign paused — — 0 0 — — €0.00 0.00% 0.00 €0.00
,,18 - 24,Rem | EU | EN 14 days add cart Campaign paused — — 0 0 — — €0.00 0.00% 0.00 €0.00
,,18 - 24,Rem | EU | FR 14 days add cart Campaign paused — — 0 0 — — €0.00 0.00% 0.00 €0.00
,,18 - 24,Rem | EU | FR customer list Campaign paused — — 0 0 — — €0.00 0.00% 0.00 €0.00
,,18 - 24,S | General | EU | FR Collants solides Campaign paused — — 0 0 — — €0.00 0.00% 0.00 €0.00
,,18 - 24,ADa_Brand_NL Exact Eligible — — 0 0 — — €0.00 0.00% 0.00 €0.00
,,18 - 24,Rem | EU | EN customer list Campaign paused — — 0 0 — — €0.00 0.00% 0.00 €0.00
,,18 - 24,Rem | EU | DE 14 days add cart Campaign paused — — 0 0 — — €0.00 0.00% 0.00 €0.00
,,18 - 24,Rem | EU | DE customer list Campaign paused — — 0 0 — — €0.00 0.00% 0.00 €0.00
,,18 - 24,Rem | NL 14 days add cart Campaign paused — — 0 0 — — €0.00 0.00% 0.00 €0.00
,,18 - 24,Rem | NL customer list Campaign paused — — 0 0 — — €0.00 0.00% 0.00 €0.00
,,18 - 24,"DGen | EN All Products Campaign paused — €0.26 59,994 77 Clicks 0.13% €0.20 €15.38 0.00% 0.00 €0.00"
,expand_more,Total: Ages,,"€4.96 474,315 3,176 Clicks, engagements 0.67% €0.74 €2,350.52 2.45% 77.75 €30.23"
,expand_more,Total: Expansion and optimised targeting,,— 0 0 — — €0.00 0.00% 0.00 €0.00
,expand_more,Total: Account,,"€8.18 825,729 20,516 Clicks, engagements 2.48% €0.33 €6,757.84 0.74% 151.00 €44.75"
,expand_more,Total: Search campaigns,,"€72.70 27,902 1,736 Clicks 6.22% €1.17 €2,028.48 4.48% 77.75 €26.09"
,expand_more,Total: Display campaigns,,— 0 0 — — €0.00 0.00% 0.00 €0.00
,expand_more,Total: Shopping campaigns,,"€18.00 2,911 44 Clicks 1.51% €1.19 €52.41 0.00% 0.00 €0.00"
,expand_more,Total: Smart campaigns,,— 0 0 — — €0.00 0.00% 0.00 €0.00
,expand_more,Total: Demand Gen campaigns,,"€0.72 446,413 1,440 Clicks, engagements 0.32% €0.22 €322.04 0.00% 0.00 €0.00"
,expand_more,Total: Performance Max campaigns,,"€12.50 348,503 17,296 Clicks, engagements 4.96% €0.25 €4,354.91 0.42% 73.25 €59.45"
Total: Ages,,,,"€4.96 474,315 3,176 Clicks, engagements 0.67% €0.74 €2,350.52 2.45% 77.75 €30.23"
,,18 - 24,ADa_Brand_NL Phrase Eligible — — 0 0 — — €0.00 0.00% 0.00 €0.00
,,25 - 34,Ehsan - Generic Search_Dutch_NL/BE Broad Campaign paused — — 0 0 — — €0.00 0.00% 0.00 €0.00
,,25 - 34,S | Brand | NL Brand Campaign paused — €111.09 140 47 Clicks 33.57% €0.33 €15.55 19.15% 9.00 €1.73
,,25 - 34,Ehsan - Generic Search_Dutch_NL/BE Phrase - Competitor Campaign paused — — 0 0 — — €0.00 0.00% 0.00 €0.00
,,25 - 34,Ehsan - Generic Search_Dutch_NL/BE Exact Campaign paused — — 0 0 — — €0.00 0.00% 0.00 €0.00
,,25 - 34,Remarketing Add payment info Campaign paused — — 0 0 — — €0.00 0.00% 0.00 €0.00
,,25 - 34,S | General | NL competitor anni rolfi Campaign paused — — 0 0 — — €0.00 0.00% 0.00 €0.00
,,25 - 34,S | General | NL competitor blom kousen Campaign paused — — 0 0 — — €0.00 0.00% 0.00 €0.00
,,25 - 34,S | General | NL competitor calzedonia Campaign paused — — 0 0 — — €0.00 0.00% 0.00 €0.00
,,25 - 34,S | General | NL competitor falke Campaign paused — — 0 0 — — €0.00 0.00% 0.00 €0.00
,,25 - 34,S | General | NL competitor hedoïne Campaign paused — — 0 0 — — €0.00 0.00% 0.00 €0.00
,,25 - 34,S | General | NL competitor heist studios Campaign paused — — 0 0 — — €0.00 0.00% 0.00 €0.00
,,25 - 34,S | General | NL competitor hema Campaign paused — — 0 0 — — €0.00 0.00% 0.00 €0.00
,,25 - 34,S | General | NL competitor hunkemoller Campaign paused — — 0 0 — — €0.00 0.00% 0.00 €0.00
,,25 - 34,S | General | NL competitor kruidvat Campaign paused — — 0 0 — — €0.00 0.00% 0.00 €0.00
,,25 - 34,S | General | NL competitor kunert Campaign paused — — 0 0 — — €0.00 0.00% 0.00 €0.00
,,25 - 34,S | General | NL competitor marcmarcs Campaign paused — — 0 0 — — €0.00 0.00% 0.00 €0.00
,,25 - 34,S | General | NL competitor oroblu Campaign paused — — 0 0 — — €0.00 0.00% 0.00 €0.00
,,25 - 34,S | General | NL competitor sheertex Campaign paused — — 0 0 — — €0.00 0.00% 0.00 €0.00
,,25 - 34,S | General | NL competitor snag tights Campaign paused — — 0 0 — — €0.00 0.00% 0.00 €0.00
,,25 - 34,S | General | NL competitor swedish stockings Campaign paused — — 0 0 — — €0.00 0.00% 0.00 €0.00
,,25 - 34,S | General | NL competitor wolford Campaign paused — — 0 0 — — €0.00 0.00% 0.00 €0.00
,,25 - 34,S | General | NL competitor zeeman Campaign paused — — 0 0 — — €0.00 0.00% 0.00 €0.00
,,25 - 34,S | General | NL panty 30 dernier Campaign paused — — 0 0 — — €0.00 0.00% 0.00 €0.00
,,25 - 34,S | General | NL panty 30 dernier plus size Campaign paused — — 0 0 — — €0.00 0.00% 0.00 €0.00
,,25 - 34,S | General | NL panty 50 dernier Campaign paused — — 0 0 — — €0.00 0.00% 0.00 €0.00
,,25 - 34,S | General | NL panty 80 dernier Campaign paused — — 0 0 — — €0.00 0.00% 0.00 €0.00
,,25 - 34,S | General | NL panty anti ladder Campaign paused — €149.12 159 11 Clicks 6.92% €2.16 €23.71 0.00% 0.00 €0.00
,,25 - 34,S | General | NL panty anti ladder 30 den Campaign paused — — 0 0 — — €0.00 0.00% 0.00 €0.00
,,25 - 34,S | General | NL panty anti ladder best Campaign paused — — 0 0 — — €0.00 0.00% 0.00 €0.00
,expand_more,Total: Ages,,"€4.96 474,315 3,176 Clicks, engagements 0.67% €0.74 €2,350.52 2.45% 77.75 €30.23"
,expand_more,Total: Expansion and optimised targeting,,— 0 0 — — €0.00 0.00% 0.00 €0.00
,expand_more,Total: Account,,"€8.18 825,729 20,516 Clicks, engagements 2.48% €0.33 €6,757.84 0.74% 151.00 €44.75"
,expand_more,Total: Search campaigns,,"€72.70 27,902 1,736 Clicks 6.22% €1.17 €2,028.48 4.48% 77.75 €26.09"
,expand_more,Total: Display campaigns,,— 0 0 — — €0.00 0.00% 0.00 €0.00
,expand_more,Total: Shopping campaigns,,"€18.00 2,911 44 Clicks 1.51% €1.19 €52.41 0.00% 0.00 €0.00"
,expand_more,Total: Smart campaigns,,— 0 0 — — €0.00 0.00% 0.00 €0.00
,expand_more,Total: Demand Gen campaigns,,"€0.72 446,413 1,440 Clicks, engagements 0.32% €0.22 €322.04 0.00% 0.00 €0.00"
,expand_more,Total: Performance Max campaigns,,"€12.50 348,503 17,296 Clicks, engagements 4.96% €0.25 €4,354.91 0.42% 73.25 €59.45"
Total: Ages,,,,"€4.96 474,315 3,176 Clicks, engagements 0.67% €0.74 €2,350.52 2.45% 77.75 €30.23"
,,25 - 34,S | General | NL panty anti ladder zwart Campaign paused — €0.00 2 0 0.00% — €0.00 0.00% 0.00 €0.00
,,25 - 34,S | General | NL panty bijenkorf Campaign paused — — 0 0 — — €0.00 0.00% 0.00 €0.00
,,25 - 34,S | General | NL panty does not break Campaign paused — €115.30 807 43 Clicks 5.33% €2.16 €93.05 4.65% 2.00 €46.52
,,25 - 34,S | General | NL panty ladder resist Campaign paused — €0.00 3 0 0.00% — €0.00 0.00% 0.00 €0.00
,,25 - 34,S | General | NL panty onverwoestbare Campaign paused — €128.79 308 14 Clicks 4.55% €2.83 €39.67 14.29% 2.00 €19.83
,,25 - 34,S | General | NL panty stippen Campaign paused — €72.42 194 10 Clicks 5.15% €1.40 €14.05 0.00% 0.00 €0.00
,,25 - 34,S | General | NL panty strong Campaign paused — €87.06 388 16 Clicks 4.12% €2.11 €33.78 0.00% 0.00 €0.00
,,25 - 34,S | General | NL panty zwarte Campaign paused — — 0 0 — — €0.00 0.00% 0.00 €0.00
,,25 - 34,Remarketing Visitors 7 days Campaign paused — — 0 0 — — €0.00 0.00% 0.00 €0.00
,,25 - 34,S | Competitors | NL competitor anni rolfi Campaign paused — — 0 0 — — €0.00 0.00% 0.00 €0.00
,,25 - 34,S | Competitors | NL competitor blom kousen Campaign paused — — 0 0 — — €0.00 0.00% 0.00 €0.00
,,25 - 34,S | Competitors | NL competitor calzedonia Campaign paused — — 0 0 — — €0.00 0.00% 0.00 €0.00
,,25 - 34,S | Competitors | NL competitor heist studios Campaign paused — — 0 0 — — €0.00 0.00% 0.00 €0.00
,,25 - 34,S | Competitors | NL competitor kruidvat Campaign paused — — 0 0 — — €0.00 0.00% 0.00 €0.00
,,25 - 34,S | Competitors | NL competitor oroblu Campaign paused — — 0 0 — — €0.00 0.00% 0.00 €0.00
,,25 - 34,S | Competitors | NL competitor sheertex Campaign paused — — 0 0 — — €0.00 0.00% 0.00 €0.00
,,25 - 34,S | Competitors | NL competitor snag tights Campaign paused — — 0 0 — — €0.00 0.00% 0.00 €0.00
,,25 - 34,S | Competitors | NL competitor wolford Campaign paused — — 0 0 — — €0.00 0.00% 0.00 €0.00
Total: Ages,,,,"€4.96 474,315 3,176 Clicks, engagements 0.67% €0.74 €2,350.52 2.45% 77.75 €30.23"
,,25 - 34,S | General | EU | DE strumpfhosen does not break Campaign paused — — 0 0 — — €0.00 0.00% 0.00 €0.00
,,25 - 34,S | General | EU | DE strumpfhosen ladder resist Campaign paused — — 0 0 — — €0.00 0.00% 0.00 €0.00
,,25 - 34,S | General | EU | DE strumpfhosen onverwoestbare Campaign paused — — 0 0 — — €0.00 0.00% 0.00 €0.00
,,25 - 34,S | General | EU | DE strumpfhosen stippen Campaign paused — — 0 0 — — €0.00 0.00% 0.00 €0.00










,,25 - 34,S | General | UK tights black Campaign paused — — 0 0 — — €0.00 0.00% 0.00 €0.00
,,25 - 34,S | General | EU | DE competitors Campaign paused — — 0 0 — — €0.00 0.00% 0.00 €0.00
,,25 - 34,S | Brand | EU | EN Brand Campaign paused — €1.43 7 1 Clicks 14.29% €0.01 €0.01 0.00% 0.00 €0.00
,,25 - 34,S | General | EU | EN competitors Campaign paused — — 0 0 — — €0.00 0.00% 0.00 €0.00
,,25 - 34,S | General | EU | EN tights black Campaign paused — — 0 0 — — €0.00 0.00% 0.00 €0.00
,,25 - 34,S | Brand | EU | FR Brand Campaign paused — — 0 0 — — €0.00 0.00% 0.00 €0.00
,,25 - 34,Rem | EU | EN 14 days add cart Campaign paused — — 0 0 — — €0.00 0.00% 0.00 €0.00
,,25 - 34,Rem | EU | FR 14 days add cart Campaign paused — — 0 0 — — €0.00 0.00% 0.00 €0.00
,,25 - 34,Rem | EU | FR customer list Campaign paused — — 0 0 — — €0.00 0.00% 0.00 €0.00
,,25 - 34,S | General | EU | FR Collants solides Campaign paused — — 0 0 — — €0.00 0.00% 0.00 €0.00
,,25 - 34,ADa_Brand_NL Exact Eligible — €3.68 10 4 Clicks 40.00% €0.01 €0.04 0.00% 0.00 €0.00
,,25 - 34,Rem | EU | EN customer list Campaign paused — — 0 0 — — €0.00 0.00% 0.00 €0.00
,,25 - 34,Rem | EU | DE 14 days add cart Campaign paused — — 0 0 — — €0.00 0.00% 0.00 €0.00
,,25 - 34,Rem | EU | DE customer list Campaign paused — — 0 0 — — €0.00 0.00% 0.00 €0.00
,,25 - 34,Rem | NL 14 days add cart Campaign paused — — 0 0 — — €0.00 0.00% 0.00 €0.00
,,25 - 34,Rem | NL customer list Campaign paused — — 0 0 — — €0.00 0.00% 0.00 €0.00
,expand_more,Total: Ages,,"€4.96 474,315 3,176 Clicks, engagements 0.67% €0.74 €2,350.52 2.45% 77.75 €30.23"
,expand_more,Total: Expansion and optimised targeting,,— 0 0 — — €0.00 0.00% 0.00 €0.00
,expand_more,Total: Account,,"€8.18 825,729 20,516 Clicks, engagements 2.48% €0.33 €6,757.84 0.74% 151.00 €44.75"
,expand_more,Total: Search campaigns,,"€72.70 27,902 1,736 Clicks 6.22% €1.17 €2,028.48 4.48% 77.75 €26.09"
,expand_more,Total: Display campaigns,,— 0 0 — — €0.00 0.00% 0.00 €0.00
,expand_more,Total: Shopping campaigns,,"€18.00 2,911 44 Clicks 1.51% €1.19 €52.41 0.00% 0.00 €0.00"
,expand_more,Total: Smart campaigns,,— 0 0 — — €0.00 0.00% 0.00 €0.00
,expand_more,Total: Demand Gen campaigns,,"€0.72 446,413 1,440 Clicks, engagements 0.32% €0.22 €322.04 0.00% 0.00 €0.00"
,expand_more,Total: Performance Max campaigns,,"€12.50 348,503 17,296 Clicks, engagements 4.96% €0.25 €4,354.91 0.42% 73.25 €59.45"
Total: Ages,,,,"€4.96 474,315 3,176 Clicks, engagements 0.67% €0.74 €2,350.52 2.45% 77.75 €30.23"
,,25 - 34,"DGen | EN All Products Campaign paused — €0.44 172,049 343 Clicks, engagements 0.20% €0.22 €76.25 0.00% 0.00 €0.00"
,,25 - 34,ADa_Brand_NL Phrase Eligible — €0.00 1 0 0.00% — €0.00 0.00% 0.00 €0.00
,,35 - 44,Ehsan - Generic Search_Dutch_NL/BE Broad Campaign paused — — 0 0 — — €0.00 0.00% 0.00 €0.00
,,35 - 44,S | Brand | NL Brand Campaign paused — €95.45 190 61 Clicks 32.11% €0.30 €18.14 18.44% 11.25 €1.61










,,35 - 44,S | General | NL competitor hunkemoller Campaign paused — — 0 0 — — €0.00 0.00% 0.00 €0.00
,,35 - 44,S | General | NL competitor kruidvat Campaign paused — — 0 0 — — €0.00 0.00% 0.00 €0.00
,,35 - 44,S | General | NL competitor kunert Campaign paused — — 0 0 — — €0.00 0.00% 0.00 €0.00
,,35 - 44,S | General | NL competitor marcmarcs Campaign paused — — 0 0 — — €0.00 0.00% 0.00 €0.00
,,35 - 44,S | General | NL competitor oroblu Campaign paused — — 0 0 — — €0.00 0.00% 0.00 €0.00
,,35 - 44,S | General | NL competitor sheertex Campaign paused — — 0 0 — — €0.00 0.00% 0.00 €0.00
,,35 - 44,S | General | NL competitor snag tights Campaign paused — — 0 0 — — €0.00 0.00% 0.00 €0.00
,,35 - 44,S | General | NL competitor swedish stockings Campaign paused — — 0 0 — — €0.00 0.00% 0.00 €0.00
,,35 - 44,S | General | NL competitor wolford Campaign paused — — 0 0 — — €0.00 0.00% 0.00 €0.00
,,35 - 44,S | General | NL competitor zeeman Campaign paused — — 0 0 — — €0.00 0.00% 0.00 €0.00
,,35 - 44,S | General | NL panty 30 dernier Campaign paused — — 0 0 — — €0.00 0.00% 0.00 €0.00
,,35 - 44,S | General | NL panty 30 dernier plus size Campaign paused — — 0 0 — — €0.00 0.00% 0.00 €0.00
,,35 - 44,S | General | NL panty 50 dernier Campaign paused — — 0 0 — — €0.00 0.00% 0.00 €0.00
,,35 - 44,S | General | NL panty 80 dernier Campaign paused — — 0 0 — — €0.00 0.00% 0.00 €0.00
,,35 - 44,S | General | NL panty anti ladder Campaign paused — €144.52 154 13 Clicks 8.44% €1.71 €22.26 0.00% 0.00 €0.00
,,35 - 44,S | General | NL panty anti ladder 30 den Campaign paused — — 0 0 — — €0.00 0.00% 0.00 €0.00
,expand_more,Total: Ages,,"€4.96 474,315 3,176 Clicks, engagements 0.67% €0.74 €2,350.52 2.45% 77.75 €30.23"
,expand_more,Total: Expansion and optimised targeting,,— 0 0 — — €0.00 0.00% 0.00 €0.00
,expand_more,Total: Account,,"€8.18 825,729 20,516 Clicks, engagements 2.48% €0.33 €6,757.84 0.74% 151.00 €44.75"
,expand_more,Total: Search campaigns,,"€72.70 27,902 1,736 Clicks 6.22% €1.17 €2,028.48 4.48% 77.75 €26.09"
,expand_more,Total: Display campaigns,,— 0 0 — — €0.00 0.00% 0.00 €0.00
,expand_more,Total: Shopping campaigns,,"€18.00 2,911 44 Clicks 1.51% €1.19 €52.41 0.00% 0.00 €0.00"
,expand_more,Total: Smart campaigns,,— 0 0 — — €0.00 0.00% 0.00 €0.00
,expand_more,Total: Demand Gen campaigns,,"€0.72 446,413 1,440 Clicks, engagements 0.32% €0.22 €322.04 0.00% 0.00 €0.00"
,expand_more,Total: Performance Max campaigns,,"€12.50 348,503 17,296 Clicks, engagements 4.96% €0.25 €4,354.91 0.42% 73.25 €59.45"
Total: Ages,,,,"€4.96 474,315 3,176 Clicks, engagements 0.67% €0.74 €2,350.52 2.45% 77.75 €30.23"
,,35 - 44,S | General | NL panty anti ladder best Campaign paused — — 0 0 — — €0.00 0.00% 0.00 €0.00
,,35 - 44,S | General | NL panty anti ladder zwart Campaign paused — €0.00 3 0 0.00% — €0.00 0.00% 0.00 €0.00
,,35 - 44,S | General | NL panty bijenkorf Campaign paused — — 0 0 — — €0.00 0.00% 0.00 €0.00
,,35 - 44,S | General | NL panty does not break Campaign paused — €128.36 759 46 Clicks 6.06% €2.12 €97.43 3.26% 1.50 €64.95
,,35 - 44,S | General | NL panty ladder resist Campaign paused — €0.00 4 0 0.00% — €0.00 0.00% 0.00 €0.00
,,35 - 44,S | General | NL panty onverwoestbare Campaign paused — €353.30 292 25 Clicks 8.56% €4.13 €103.16 8.00% 2.00 €51.58
,,35 - 44,S | General | NL panty stippen Campaign paused — €94.82 164 6 Clicks 3.66% €2.59 €15.55 0.00% 0.00 €0.00
,,35 - 44,S | General | NL panty strong Campaign paused — €80.19 321 8 Clicks 2.49% €3.22 €25.74 0.00% 0.00 €0.00
,,35 - 44,S | General | NL panty zwarte Campaign paused — — 0 0 — — €0.00 0.00% 0.00 €0.00
,,35 - 44,Remarketing Visitors 7 days Campaign paused — — 0 0 — — €0.00 0.00% 0.00 €0.00
,,35 - 44,S | Competitors | NL competitor anni rolfi Campaign paused — — 0 0 — — €0.00 0.00% 0.00 €0.00
,,35 - 44,S | Competitors | NL competitor blom kousen Campaign paused — — 0 0 — — €0.00 0.00% 0.00 €0.00
,,35 - 44,S | Competitors | NL competitor calzedonia Campaign paused — — 0 0 — — €0.00 0.00% 0.00 €0.00
,,35 - 44,S | Competitors | NL competitor heist studios Campaign paused — — 0 0 — — €0.00 0.00% 0.00 €0.00
,,35 - 44,S | Competitors | NL competitor kruidvat Campaign paused — — 0 0 — — €0.00 0.00% 0.00 €0.00
,,35 - 44,S | Competitors | NL competitor oroblu Campaign paused — — 0 0 — — €0.00 0.00% 0.00 €0.00
,,35 - 44,S | Competitors | NL competitor sheertex Campaign paused — — 0 0 — — €0.00 0.00% 0.00 €0.00
,,35 - 44,S | Competitors | NL competitor snag tights Campaign paused — — 0 0 — — €0.00 0.00% 0.00 €0.00
,,35 - 44,S | Competitors | NL competitor wolford Campaign paused — — 0 0 — — €0.00 0.00% 0.00 €0.00
,,35 - 44,S | Competitors | NL competitor zeeman Campaign paused — — 0 0 — — €0.00 0.00% 0.00 €0.00
,,35 - 44,S | Competitors | NL competitor falke Campaign paused — — 0 0 — — €0.00 0.00% 0.00 €0.00
Total: Ages,,,,"€4.96 474,315 3,176 Clicks, engagements 0.67% €0.74 €2,350.52 2.45% 77.75 €30.23"
,,35 - 44,S | General | EU | DE strumpfhosen bijenkorf Campaign paused — — 0 0 — — €0.00 0.00% 0.00 €0.00
,,35 - 44,S | General | EU | DE strumpfhosen does not break Campaign paused — — 0 0 — — €0.00 0.00% 0.00 €0.00
,,35 - 44,S | General | EU | DE strumpfhosen ladder resist Campaign paused — — 0 0 — — €0.00 0.00% 0.00 €0.00
,,35 - 44,S | General | EU | DE strumpfhosen onverwoestbare Campaign paused — — 0 0 — — €0.00 0.00% 0.00 €0.00
,,35 - 44,S | General | EU | DE strumpfhosen stippen Campaign paused — — 0 0 — — €0.00 0.00% 0.00 €0.00
,,35 - 44,S | General | EU | EN tights 80 den Campaign paused — €160.94 38 4 Clicks 10.53% €1.53 €6.12 0.00% 0.00 €0.00
,,35 - 44,S | General | EU | EN tights anti ladder Campaign paused — €61.97 617 42 Clicks 6.81% €0.91 €38.24 7.14% 3.00 €12.75
,,35 - 44,"S | General | EU | EN tights does not break Campaign paused — €66.16 1,169 65 Clicks 5.56% €1.19 €77.34 0.00% 0.00 €0.00"
,,35 - 44,S | General | EU | EN tights ladder resist Campaign paused — €49.68 250 17 Clicks 6.80% €0.73 €12.42 0.00% 0.00 €0.00
,,35 - 44,S | Brand | UK Brand Campaign paused — — 0 0 — — €0.00 0.00% 0.00 €0.00
,,35 - 44,S | General | UK tights 80 den Campaign paused — — 0 0 — — €0.00 0.00% 0.00 €0.00
,,35 - 44,S | General | UK tights anti ladder Campaign paused — €59.18 79 5 Clicks 6.33% €0.93 €4.67 0.00% 0.00 €0.00
,,35 - 44,S | General | UK tights does not break Campaign paused — €0.00 15 0 0.00% — €0.00 0.00% 0.00 €0.00
,,35 - 44,S | General | UK tights ladder resist Campaign paused — €55.53 26 2 Clicks 7.69% €0.72 €1.44 0.00% 0.00 €0.00
,,35 - 44,S | General | UK competitors Campaign paused — — 0 0 — — €0.00 0.00% 0.00 €0.00
,,35 - 44,S | General | UK tights black Campaign paused — — 0 0 — — €0.00 0.00% 0.00 €0.00
,,35 - 44,S | General | EU | DE competitors Campaign paused — — 0 0 — — €0.00 0.00% 0.00 €0.00
,,35 - 44,S | Brand | EU | EN Brand Campaign paused — €325.00 4 2 Clicks 50.00% €0.65 €1.30 0.00% 0.00 €0.00
,,35 - 44,S | General | EU | EN competitors Campaign paused — — 0 0 — — €0.00 0.00% 0.00 €0.00
,,35 - 44,S | General | EU | EN tights black Campaign paused — — 0 0 — — €0.00 0.00% 0.00 €0.00
,,35 - 44,S | Brand | EU | FR Brand Campaign paused — — 0 0 — — €0.00 0.00% 0.00 €0.00
,,35 - 44,Rem | EU | EN 14 days add cart Campaign paused — — 0 0 — — €0.00 0.00% 0.00 €0.00
,,35 - 44,Rem | EU | FR 14 days add cart Campaign paused — — 0 0 — — €0.00 0.00% 0.00 €0.00
,,35 - 44,Rem | EU | FR customer list Campaign paused — — 0 0 — — €0.00 0.00% 0.00 €0.00
,,35 - 44,S | General | EU | FR Collants solides Campaign paused — — 0 0 — — €0.00 0.00% 0.00 €0.00
,,35 - 44,ADa_Brand_NL Exact Eligible — €1.95 7 2 Clicks 28.57% €0.01 €0.01 50.00% 1.00 €0.01
,,35 - 44,Rem | EU | EN customer list Campaign paused — — 0 0 — — €0.00 0.00% 0.00 €0.00
,,35 - 44,Rem | EU | DE 14 days add cart Campaign paused — — 0 0 — — €0.00 0.00% 0.00 €0.00
,,35 - 44,Rem | EU | DE customer list Campaign paused — — 0 0 — — €0.00 0.00% 0.00 €0.00
,,35 - 44,Rem | NL 14 days add cart Campaign paused — — 0 0 — — €0.00 0.00% 0.00 €0.00
,expand_more,Total: Ages,,"€4.96 474,315 3,176 Clicks, engagements 0.67% €0.74 €2,350.52 2.45% 77.75 €30.23"
,expand_more,Total: Expansion and optimised targeting,,— 0 0 — — €0.00 0.00% 0.00 €0.00
,expand_more,Total: Account,,"€8.18 825,729 20,516 Clicks, engagements 2.48% €0.33 €6,757.84 0.74% 151.00 €44.75"
,expand_more,Total: Search campaigns,,"€72.70 27,902 1,736 Clicks 6.22% €1.17 €2,028.48 4.48% 77.75 €26.09"
,expand_more,Total: Display campaigns,,— 0 0 — — €0.00 0.00% 0.00 €0.00
,expand_more,Total: Shopping campaigns,,"€18.00 2,911 44 Clicks 1.51% €1.19 €52.41 0.00% 0.00 €0.00"
,expand_more,Total: Smart campaigns,,— 0 0 — — €0.00 0.00% 0.00 €0.00
,expand_more,Total: Demand Gen campaigns,,"€0.72 446,413 1,440 Clicks, engagements 0.32% €0.22 €322.04 0.00% 0.00 €0.00"
,expand_more,Total: Performance Max campaigns,,"€12.50 348,503 17,296 Clicks, engagements 4.96% €0.25 €4,354.91 0.42% 73.25 €59.45"
Total: Ages,,,,"€4.96 474,315 3,176 Clicks, engagements 0.67% €0.74 €2,350.52 2.45% 77.75 €30.23"
,,35 - 44,Rem | NL customer list Campaign paused — — 0 0 — — €0.00 0.00% 0.00 €0.00
,,35 - 44,"DGen | EN All Products Campaign paused — €0.91 111,772 454 Clicks, engagements 0.41% €0.22 €101.68 0.00% 0.00 €0.00"
,,35 - 44,ADa_Brand_NL Phrase Eligible — €0.00 2 0 0.00% — €0.00 0.00% 0.00 €0.00
,,45 - 54,Ehsan - Generic Search_Dutch_NL/BE Broad Campaign paused — — 0 0 — — €0.00 0.00% 0.00 €0.00
,,45 - 54,S | Brand | NL Brand Campaign paused — €128.61 143 48 Clicks 33.57% €0.38 €18.39 12.50% 6.00 €3.07
,,45 - 54,Ehsan - Generic Search_Dutch_NL/BE Phrase - Competitor Campaign paused — — 0 0 — — €0.00 0.00% 0.00 €0.00
,,45 - 54,Ehsan - Generic Search_Dutch_NL/BE Exact Campaign paused — — 0 0 — — €0.00 0.00% 0.00 €0.00
,,45 - 54,Remarketing Add payment info Campaign paused — — 0 0 — — €0.00 0.00% 0.00 €0.00
,,45 - 54,S | General | NL competitor anni rolfi Campaign paused — — 0 0 — — €0.00 0.00% 0.00 €0.00
,,45 - 54,S | General | NL competitor blom kousen Campaign paused — — 0 0 — — €0.00 0.00% 0.00 €0.00
,,45 - 54,S | General | NL competitor calzedonia Campaign paused — — 0 0 — — €0.00 0.00% 0.00 €0.00
,,45 - 54,S | General | NL competitor falke Campaign paused — — 0 0 — — €0.00 0.00% 0.00 €0.00
,,45 - 54,S | General | NL competitor hedoïne Campaign paused — — 0 0 — — €0.00 0.00% 0.00 €0.00
,,45 - 54,S | General | NL competitor heist studios Campaign paused — — 0 0 — — €0.00 0.00% 0.00 €0.00
,,45 - 54,S | General | NL competitor hema Campaign paused — — 0 0 — — €0.00 0.00% 0.00 €0.00
,,45 - 54,S | General | NL competitor hunkemoller Campaign paused — — 0 0 — — €0.00 0.00% 0.00 €0.00
,,45 - 54,S | General | NL competitor kruidvat Campaign paused — — 0 0 — — €0.00 0.00% 0.00 €0.00
,,45 - 54,S | General | NL competitor kunert Campaign paused — — 0 0 — — €0.00 0.00% 0.00 €0.00
,,45 - 54,S | General | NL competitor marcmarcs Campaign paused — — 0 0 — — €0.00 0.00% 0.00 €0.00
,,45 - 54,S | General | NL competitor oroblu Campaign paused — — 0 0 — — €0.00 0.00% 0.00 €0.00
,,45 - 54,S | General | NL competitor sheertex Campaign paused — — 0 0 — — €0.00 0.00% 0.00 €0.00
,,45 - 54,S | General | NL competitor snag tights Campaign paused — — 0 0 — — €0.00 0.00% 0.00 €0.00
,,45 - 54,S | General | NL competitor swedish stockings Campaign paused — — 0 0 — — €0.00 0.00% 0.00 €0.00
,,45 - 54,S | General | NL competitor wolford Campaign paused — — 0 0 — — €0.00 0.00% 0.00 €0.00
,,45 - 54,S | General | NL competitor zeeman Campaign paused — — 0 0 — — €0.00 0.00% 0.00 €0.00
,,45 - 54,S | General | NL panty 30 dernier Campaign paused — — 0 0 — — €0.00 0.00% 0.00 €0.00
,,45 - 54,S | General | NL panty 30 dernier plus size Campaign paused — — 0 0 — — €0.00 0.00% 0.00 €0.00
,,45 - 54,S | General | NL panty 50 dernier Campaign paused — — 0 0 — — €0.00 0.00% 0.00 €0.00
,,45 - 54,S | General | NL panty 80 dernier Campaign paused — — 0 0 — — €0.00 0.00% 0.00 €0.00
,,45 - 54,S | General | NL panty anti ladder Campaign paused — €81.70 112 6 Clicks 5.36% €1.52 €9.15 0.00% 0.00 €0.00
,expand_more,Total: Ages,,"€4.96 474,315 3,176 Clicks, engagements 0.67% €0.74 €2,350.52 2.45% 77.75 €30.23"
,expand_more,Total: Expansion and optimised targeting,,— 0 0 — — €0.00 0.00% 0.00 €0.00
,expand_more,Total: Account,,"€8.18 825,729 20,516 Clicks, engagements 2.48% €0.33 €6,757.84 0.74% 151.00 €44.75"
,expand_more,Total: Search campaigns,,"€72.70 27,902 1,736 Clicks 6.22% €1.17 €2,028.48 4.48% 77.75 €26.09"
,expand_more,Total: Display campaigns,,— 0 0 — — €0.00 0.00% 0.00 €0.00
,expand_more,Total: Shopping campaigns,,"€18.00 2,911 44 Clicks 1.51% €1.19 €52.41 0.00% 0.00 €0.00"
,expand_more,Total: Smart campaigns,,— 0 0 — — €0.00 0.00% 0.00 €0.00
,expand_more,Total: Demand Gen campaigns,,"€0.72 446,413 1,440 Clicks, engagements 0.32% €0.22 €322.04 0.00% 0.00 €0.00"
,expand_more,Total: Performance Max campaigns,,"€12.50 348,503 17,296 Clicks, engagements 4.96% €0.25 €4,354.91 0.42% 73.25 €59.45"
Total: Ages,,,,"€4.96 474,315 3,176 Clicks, engagements 0.67% €0.74 €2,350.52 2.45% 77.75 €30.23"
,,45 - 54,S | General | NL panty anti ladder 30 den Campaign paused — — 0 0 — — €0.00 0.00% 0.00 €0.00
,,45 - 54,S | General | NL panty anti ladder best Campaign paused — — 0 0 — — €0.00 0.00% 0.00 €0.00
,,45 - 54,"S | General | NL panty anti ladder zwart Campaign paused — €1,323.71 3 1 Clicks 33.33% €3.97 €3.97 0.00% 0.00 €0.00"
,,45 - 54,S | General | NL panty bijenkorf Campaign paused — — 0 0 — — €0.00 0.00% 0.00 €0.00
,,45 - 54,S | General | NL panty does not break Campaign paused — €82.42 419 23 Clicks 5.49% €1.50 €34.53 0.00% 0.00 €0.00
,,45 - 54,S | General | NL panty ladder resist Campaign paused — — 0 0 — — €0.00 0.00% 0.00 €0.00
,,45 - 54,S | General | NL panty onverwoestbare Campaign paused — €213.07 177 15 Clicks 8.47% €2.51 €37.71 6.67% 1.00 €37.71
,,45 - 54,S | General | NL panty stippen Campaign paused — €39.57 116 4 Clicks 3.45% €1.15 €4.59 0.00% 0.00 €0.00
,,45 - 54,S | General | NL panty strong Campaign paused — €167.24 254 10 Clicks 3.94% €4.25 €42.48 0.00% 0.00 €0.00
,,45 - 54,S | General | NL panty zwarte Campaign paused — — 0 0 — — €0.00 0.00% 0.00 €0.00
,,45 - 54,Remarketing Visitors 7 days Campaign paused — — 0 0 — — €0.00 0.00% 0.00 €0.00
,,45 - 54,S | Competitors | NL competitor anni rolfi Campaign paused — — 0 0 — — €0.00 0.00% 0.00 €0.00
,,45 - 54,S | Competitors | NL competitor blom kousen Campaign paused — — 0 0 — — €0.00 0.00% 0.00 €0.00
,,45 - 54,S | Competitors | NL competitor calzedonia Campaign paused — — 0 0 — — €0.00 0.00% 0.00 €0.00
,,45 - 54,S | Competitors | NL competitor heist studios Campaign paused — — 0 0 — — €0.00 0.00% 0.00 €0.00
,,45 - 54,S | Competitors | NL competitor kruidvat Campaign paused — — 0 0 — — €0.00 0.00% 0.00 €0.00
,,45 - 54,S | Competitors | NL competitor oroblu Campaign paused — — 0 0 — — €0.00 0.00% 0.00 €0.00
,,45 - 54,S | Competitors | NL competitor sheertex Campaign paused — — 0 0 — — €0.00 0.00% 0.00 €0.00
Total: Ages,,,,"€4.96 474,315 3,176 Clicks, engagements 0.67% €0.74 €2,350.52 2.45% 77.75 €30.23"
,,45 - 54,S | General | EU | DE strumpfhosen anti ladder Campaign paused — — 0 0 — — €0.00 0.00% 0.00 €0.00
,,45 - 54,S | General | EU | DE strumpfhosen bijenkorf Campaign paused — — 0 0 — — €0.00 0.00% 0.00 €0.00
,,45 - 54,S | General | EU | DE strumpfhosen does not break Campaign paused — — 0 0 — — €0.00 0.00% 0.00 €0.00
,,45 - 54,S | General | EU | DE strumpfhosen ladder resist Campaign paused — — 0 0 — — €0.00 0.00% 0.00 €0.00
,,45 - 54,S | General | EU | DE strumpfhosen onverwoestbare Campaign paused — — 0 0 — — €0.00 0.00% 0.00 €0.00
,,45 - 54,S | General | EU | DE strumpfhosen stippen Campaign paused — — 0 0 — — €0.00 0.00% 0.00 €0.00
,,45 - 54,S | General | EU | EN tights 80 den Campaign paused — €19.09 22 1 Clicks 4.55% €0.42 €0.42 0.00% 0.00 €0.00
,,45 - 54,S | General | EU | EN tights anti ladder Campaign paused — €35.50 318 14 Clicks 4.40% €0.81 €11.29 0.00% 0.00 €0.00
,,45 - 54,S | General | EU | EN tights does not break Campaign paused — €85.62 684 53 Clicks 7.75% €1.11 €58.57 0.00% 0.00 €0.00
,,45 - 54,S | General | EU | EN tights ladder resist Campaign paused — €33.75 125 5 Clicks 4.00% €0.84 €4.22 0.00% 0.00 €0.00
,,45 - 54,S | Brand | UK Brand Campaign paused — — 0 0 — — €0.00 0.00% 0.00 €0.00
,,45 - 54,S | General | UK tights 80 den Campaign paused — — 0 0 — — €0.00 0.00% 0.00 €0.00
,,45 - 54,S | General | UK tights anti ladder Campaign paused — €82.46 61 2 Clicks 3.28% €2.52 €5.03 0.00% 0.00 €0.00
,,45 - 54,S | General | UK tights does not break Campaign paused — €0.00 6 0 0.00% — €0.00 0.00% 0.00 €0.00
,,45 - 54,S | General | UK tights ladder resist Campaign paused — €236.59 12 4 Clicks 33.33% €0.71 €2.84 0.00% 0.00 €0.00
,,45 - 54,S | General | UK competitors Campaign paused — — 0 0 — — €0.00 0.00% 0.00 €0.00
,,45 - 54,S | General | UK tights black Campaign paused — — 0 0 — — €0.00 0.00% 0.00 €0.00
,,45 - 54,S | General | EU | DE competitors Campaign paused — — 0 0 — — €0.00 0.00% 0.00 €0.00
,,45 - 54,S | Brand | EU | EN Brand Campaign paused — €0.00 2 0 0.00% — €0.00 0.00% 0.00 €0.00
,,45 - 54,S | General | EU | EN competitors Campaign paused — — 0 0 — — €0.00 0.00% 0.00 €0.00
,,45 - 54,S | General | EU | EN tights black Campaign paused — — 0 0 — — €0.00 0.00% 0.00 €0.00
,,45 - 54,S | Brand | EU | FR Brand Campaign paused — — 0 0 — — €0.00 0.00% 0.00 €0.00
,,45 - 54,Rem | EU | EN 14 days add cart Campaign paused — — 0 0 — — €0.00 0.00% 0.00 €0.00
,,45 - 54,Rem | EU | FR 14 days add cart Campaign paused — — 0 0 — — €0.00 0.00% 0.00 €0.00
,,45 - 54,Rem | EU | FR customer list Campaign paused — — 0 0 — — €0.00 0.00% 0.00 €0.00
,,45 - 54,S | General | EU | FR Collants solides Campaign paused — — 0 0 — — €0.00 0.00% 0.00 €0.00
,,45 - 54,ADa_Brand_NL Exact Eligible — €15.00 6 2 Clicks 33.33% €0.05 €0.09 100.00% 2.00 €0.05
,,45 - 54,Rem | EU | EN customer list Campaign paused — — 0 0 — — €0.00 0.00% 0.00 €0.00
,,45 - 54,Rem | EU | DE 14 days add cart Campaign paused — — 0 0 — — €0.00 0.00% 0.00 €0.00
,,45 - 54,Rem | EU | DE customer list Campaign paused — — 0 0 — — €0.00 0.00% 0.00 €0.00
,expand_more,Total: Ages,,"€4.96 474,315 3,176 Clicks, engagements 0.67% €0.74 €2,350.52 2.45% 77.75 €30.23"
,expand_more,Total: Expansion and optimised targeting,,— 0 0 — — €0.00 0.00% 0.00 €0.00
,expand_more,Total: Account,,"€8.18 825,729 20,516 Clicks, engagements 2.48% €0.33 €6,757.84 0.74% 151.00 €44.75"
,expand_more,Total: Search campaigns,,"€72.70 27,902 1,736 Clicks 6.22% €1.17 €2,028.48 4.48% 77.75 €26.09"
,expand_more,Total: Display campaigns,,— 0 0 — — €0.00 0.00% 0.00 €0.00
,expand_more,Total: Shopping campaigns,,"€18.00 2,911 44 Clicks 1.51% €1.19 €52.41 0.00% 0.00 €0.00"
,expand_more,Total: Smart campaigns,,— 0 0 — — €0.00 0.00% 0.00 €0.00
,expand_more,Total: Demand Gen campaigns,,"€0.72 446,413 1,440 Clicks, engagements 0.32% €0.22 €322.04 0.00% 0.00 €0.00"
,expand_more,Total: Performance Max campaigns,,"€12.50 348,503 17,296 Clicks, engagements 4.96% €0.25 €4,354.91 0.42% 73.25 €59.45"
Total: Ages,,,,"€4.96 474,315 3,176 Clicks, engagements 0.67% €0.74 €2,350.52 2.45% 77.75 €30.23"
,,45 - 54,Rem | NL 14 days add cart Campaign paused — — 0 0 — — €0.00 0.00% 0.00 €0.00
,,45 - 54,Rem | NL customer list Campaign paused — — 0 0 — — €0.00 0.00% 0.00 €0.00
,,45 - 54,"DGen | EN All Products Campaign paused — €1.25 102,598 566 Clicks, engagements 0.55% €0.23 €128.72 0.00% 0.00 €0.00"
,,45 - 54,ADa_Brand_NL Phrase Eligible — €643.33 3 1 Clicks 33.33% €1.93 €1.93 0.00% 0.00 €0.00
,,55 - 64,Ehsan - Generic Search_Dutch_NL/BE Broad Campaign paused — — 0 0 — — €0.00 0.00% 0.00 €0.00
,,55 - 64,S | Brand | NL Brand Campaign paused — €125.86 91 23 Clicks 25.27% €0.50 €11.45 17.39% 4.00 €2.86
,,55 - 64,Ehsan - Generic Search_Dutch_NL/BE Phrase - Competitor Campaign paused — — 0 0 — — €0.00 0.00% 0.00 €0.00
,,55 - 64,Ehsan - Generic Search_Dutch_NL/BE Exact Campaign paused — — 0 0 — — €0.00 0.00% 0.00 €0.00
,,55 - 64,Remarketing Add payment info Campaign paused — — 0 0 — — €0.00 0.00% 0.00 €0.00
,,55 - 64,S | General | NL competitor anni rolfi Campaign paused — — 0 0 — — €0.00 0.00% 0.00 €0.00
,,55 - 64,S | General | NL competitor blom kousen Campaign paused — — 0 0 — — €0.00 0.00% 0.00 €0.00
,,55 - 64,S | General | NL competitor calzedonia Campaign paused — — 0 0 — — €0.00 0.00% 0.00 €0.00
,,55 - 64,S | General | NL competitor falke Campaign paused — — 0 0 — — €0.00 0.00% 0.00 €0.00
,,55 - 64,S | General | NL competitor hedoïne Campaign paused — — 0 0 — — €0.00 0.00% 0.00 €0.00
,,55 - 64,S | General | NL competitor heist studios Campaign paused — — 0 0 — — €0.00 0.00% 0.00 €0.00
,,55 - 64,S | General | NL competitor hema Campaign paused — — 0 0 — — €0.00 0.00% 0.00 €0.00
,,55 - 64,S | General | NL competitor hunkemoller Campaign paused — — 0 0 — — €0.00 0.00% 0.00 €0.00
,,55 - 64,S | General | NL competitor kruidvat Campaign paused — — 0 0 — — €0.00 0.00% 0.00 €0.00
,,55 - 64,S | General | NL competitor kunert Campaign paused — — 0 0 — — €0.00 0.00% 0.00 €0.00
,,55 - 64,S | General | NL competitor marcmarcs Campaign paused — — 0 0 — — €0.00 0.00% 0.00 €0.00
,,55 - 64,S | General | NL competitor oroblu Campaign paused — — 0 0 — — €0.00 0.00% 0.00 €0.00
,,55 - 64,S | General | NL competitor sheertex Campaign paused — — 0 0 — — €0.00 0.00% 0.00 €0.00
,,55 - 64,S | General | NL competitor snag tights Campaign paused — — 0 0 — — €0.00 0.00% 0.00 €0.00
,,55 - 64,S | General | NL competitor swedish stockings Campaign paused — — 0 0 — — €0.00 0.00% 0.00 €0.00
,,55 - 64,S | General | NL competitor wolford Campaign paused — — 0 0 — — €0.00 0.00% 0.00 €0.00
,,55 - 64,S | General | NL competitor zeeman Campaign paused — — 0 0 — — €0.00 0.00% 0.00 €0.00
,,55 - 64,S | General | NL panty 30 dernier Campaign paused — — 0 0 — — €0.00 0.00% 0.00 €0.00
,,55 - 64,S | General | NL panty 30 dernier plus size Campaign paused — — 0 0 — — €0.00 0.00% 0.00 €0.00
,,55 - 64,S | General | NL panty 50 dernier Campaign paused — — 0 0 — — €0.00 0.00% 0.00 €0.00
,,55 - 64,S | General | NL panty 80 dernier Campaign paused — — 0 0 — — €0.00 0.00% 0.00 €0.00
,expand_more,Total: Ages,,"€4.96 474,315 3,176 Clicks, engagements 0.67% €0.74 €2,350.52 2.45% 77.75 €30.23"
,expand_more,Total: Expansion and optimised targeting,,— 0 0 — — €0.00 0.00% 0.00 €0.00
,expand_more,Total: Account,,"€8.18 825,729 20,516 Clicks, engagements 2.48% €0.33 €6,757.84 0.74% 151.00 €44.75"
,expand_more,Total: Search campaigns,,"€72.70 27,902 1,736 Clicks 6.22% €1.17 €2,028.48 4.48% 77.75 €26.09"
,expand_more,Total: Display campaigns,,— 0 0 — — €0.00 0.00% 0.00 €0.00
,expand_more,Total: Shopping campaigns,,"€18.00 2,911 44 Clicks 1.51% €1.19 €52.41 0.00% 0.00 €0.00"
,expand_more,Total: Smart campaigns,,— 0 0 — — €0.00 0.00% 0.00 €0.00
,expand_more,Total: Demand Gen campaigns,,"€0.72 446,413 1,440 Clicks, engagements 0.32% €0.22 €322.04 0.00% 0.00 €0.00"
,expand_more,Total: Performance Max campaigns,,"€12.50 348,503 17,296 Clicks, engagements 4.96% €0.25 €4,354.91 0.42% 73.25 €59.45"
Total: Ages,,,,"€4.96 474,315 3,176 Clicks, engagements 0.67% €0.74 €2,350.52 2.45% 77.75 €30.23"
,,55 - 64,S | General | NL panty anti ladder Campaign paused — €32.91 64 2 Clicks 3.13% €1.05 €2.11 0.00% 0.00 €0.00
,,55 - 64,S | General | NL panty anti ladder 30 den Campaign paused — — 0 0 — — €0.00 0.00% 0.00 €0.00
,,55 - 64,S | General | NL panty anti ladder best Campaign paused — — 0 0 — — €0.00 0.00% 0.00 €0.00
,,55 - 64,S | General | NL panty anti ladder zwart Campaign paused — — 0 0 — — €0.00 0.00% 0.00 €0.00
,,55 - 64,S | General | NL panty bijenkorf Campaign paused — — 0 0 — — €0.00 0.00% 0.00 €0.00
,,55 - 64,S | General | NL panty does not break Campaign paused — €70.39 299 14 Clicks 4.68% €1.50 €21.05 7.14% 1.00 €21.05
,,55 - 64,S | General | NL panty ladder resist Campaign paused — €0.00 2 0 0.00% — €0.00 0.00% 0.00 €0.00
,,55 - 64,S | General | NL panty onverwoestbare Campaign paused — €187.64 96 7 Clicks 7.29% €2.57 €18.01 14.29% 1.00 €18.01
,,55 - 64,S | General | NL panty stippen Campaign paused — €51.32 76 2 Clicks 2.63% €1.95 €3.90 0.00% 0.00 €0.00
,,55 - 64,S | General | NL panty strong Campaign paused — €13.33 111 1 Clicks 0.90% €1.48 €1.48 0.00% 0.00 €0.00
,,55 - 64,S | General | NL panty zwarte Campaign paused — — 0 0 — — €0.00 0.00% 0.00 €0.00
,,55 - 64,Remarketing Visitors 7 days Campaign paused — — 0 0 — — €0.00 0.00% 0.00 €0.00
,,55 - 64,S | Competitors | NL competitor anni rolfi Campaign paused — — 0 0 — — €0.00 0.00% 0.00 €0.00
,,55 - 64,S | Competitors | NL competitor blom kousen Campaign paused — — 0 0 — — €0.00 0.00% 0.00 €0.00
,,55 - 64,S | Competitors | NL competitor calzedonia Campaign paused — — 0 0 — — €0.00 0.00% 0.00 €0.00
,,55 - 64,S | Competitors | NL competitor heist studios Campaign paused — — 0 0 — — €0.00 0.00% 0.00 €0.00
,,55 - 64,S | Competitors | NL competitor kruidvat Campaign paused — — 0 0 — — €0.00 0.00% 0.00 €0.00
,,55 - 64,S | Competitors | NL competitor oroblu Campaign paused — — 0 0 — — €0.00 0.00% 0.00 €0.00
,,55 - 64,S | Competitors | NL competitor sheertex Campaign paused — — 0 0 — — €0.00 0.00% 0.00 €0.00
,,55 - 64,S | Competitors | NL competitor snag tights Campaign paused — — 0 0 — — €0.00 0.00% 0.00 €0.00
,,55 - 64,S | Competitors | NL competitor wolford Campaign paused — — 0 0 — — €0.00 0.00% 0.00 €0.00
Total: Ages,,,,"€4.96 474,315 3,176 Clicks, engagements 0.67% €0.74 €2,350.52 2.45% 77.75 €30.23"
,,55 - 64,S | General | EU | DE strumpfhosen 80 dernier Campaign paused — — 0 0 — — €0.00 0.00% 0.00 €0.00
,,55 - 64,S | General | EU | DE strumpfhosen anti ladder Campaign paused — — 0 0 — — €0.00 0.00% 0.00 €0.00
,,55 - 64,S | General | EU | DE strumpfhosen bijenkorf Campaign paused — — 0 0 — — €0.00 0.00% 0.00 €0.00
,,55 - 64,S | General | EU | DE strumpfhosen does not break Campaign paused — — 0 0 — — €0.00 0.00% 0.00 €0.00
,,55 - 64,S | General | EU | DE strumpfhosen ladder resist Campaign paused — — 0 0 — — €0.00 0.00% 0.00 €0.00
,,55 - 64,S | General | EU | DE strumpfhosen onverwoestbare Campaign paused — — 0 0 — — €0.00 0.00% 0.00 €0.00
,,55 - 64,S | General | EU | DE strumpfhosen stippen Campaign paused — — 0 0 — — €0.00 0.00% 0.00 €0.00
,,55 - 64,S | General | EU | EN tights 80 den Campaign paused — €361.25 8 1 Clicks 12.50% €2.89 €2.89 0.00% 0.00 €0.00
,,55 - 64,S | General | EU | EN tights anti ladder Campaign paused — €36.87 129 8 Clicks 6.20% €0.59 €4.76 0.00% 0.00 €0.00
,,55 - 64,S | General | EU | EN tights does not break Campaign paused — €49.40 144 5 Clicks 3.47% €1.42 €7.11 0.00% 0.00 €0.00
,,55 - 64,S | General | EU | EN tights ladder resist Campaign paused — €2.15 43 1 Clicks 2.33% €0.09 €0.09 0.00% 0.00 €0.00
,,55 - 64,S | Brand | UK Brand Campaign paused — €290.00 2 1 Clicks 50.00% €0.58 €0.58 0.00% 0.00 €0.00
,,55 - 64,S | General | UK tights 80 den Campaign paused — — 0 0 — — €0.00 0.00% 0.00 €0.00
,,55 - 64,S | General | UK tights anti ladder Campaign paused — €37.55 46 2 Clicks 4.35% €0.86 €1.73 50.00% 1.00 €1.73
,,55 - 64,S | General | UK tights does not break Campaign paused — €0.00 4 0 0.00% — €0.00 0.00% 0.00 €0.00
,,55 - 64,S | General | UK tights ladder resist Campaign paused — €0.00 2 0 0.00% — €0.00 0.00% 0.00 €0.00
,,55 - 64,S | General | UK competitors Campaign paused — — 0 0 — — €0.00 0.00% 0.00 €0.00
,,55 - 64,S | General | UK tights black Campaign paused — — 0 0 — — €0.00 0.00% 0.00 €0.00
,,55 - 64,S | General | EU | DE competitors Campaign paused — — 0 0 — — €0.00 0.00% 0.00 €0.00
,,55 - 64,S | Brand | EU | EN Brand Campaign paused — €443.44 1 1 Clicks 100.00% €0.44 €0.44 0.00% 0.00 €0.00
,,55 - 64,S | General | EU | EN competitors Campaign paused — — 0 0 — — €0.00 0.00% 0.00 €0.00
,,55 - 64,S | General | EU | EN tights black Campaign paused — — 0 0 — — €0.00 0.00% 0.00 €0.00
,,55 - 64,S | Brand | EU | FR Brand Campaign paused — €75.00 2 1 Clicks 50.00% €0.15 €0.15 0.00% 0.00 €0.00
,,55 - 64,Rem | EU | EN 14 days add cart Campaign paused — — 0 0 — — €0.00 0.00% 0.00 €0.00
,,55 - 64,Rem | EU | FR 14 days add cart Campaign paused — — 0 0 — — €0.00 0.00% 0.00 €0.00
,,55 - 64,Rem | EU | FR customer list Campaign paused — — 0 0 — — €0.00 0.00% 0.00 €0.00
,,55 - 64,S | General | EU | FR Collants solides Campaign paused — — 0 0 — — €0.00 0.00% 0.00 €0.00
,,55 - 64,ADa_Brand_NL Exact Eligible — €46.09 23 3 Clicks 13.04% €0.35 €1.06 0.00% 0.00 €0.00
,,55 - 64,Rem | EU | EN customer list Campaign paused — — 0 0 — — €0.00 0.00% 0.00 €0.00
,,55 - 64,Rem | EU | DE 14 days add cart Campaign paused — — 0 0 — — €0.00 0.00% 0.00 €0.00
,expand_more,Total: Ages,,"€4.96 474,315 3,176 Clicks, engagements 0.67% €0.74 €2,350.52 2.45% 77.75 €30.23"
,expand_more,Total: Expansion and optimised targeting,,— 0 0 — — €0.00 0.00% 0.00 €0.00
,expand_more,Total: Account,,"€8.18 825,729 20,516 Clicks, engagements 2.48% €0.33 €6,757.84 0.74% 151.00 €44.75"
,expand_more,Total: Search campaigns,,"€72.70 27,902 1,736 Clicks 6.22% €1.17 €2,028.48 4.48% 77.75 €26.09"
,expand_more,Total: Display campaigns,,— 0 0 — — €0.00 0.00% 0.00 €0.00
,expand_more,Total: Shopping campaigns,,"€18.00 2,911 44 Clicks 1.51% €1.19 €52.41 0.00% 0.00 €0.00"
,expand_more,Total: Smart campaigns,,— 0 0 — — €0.00 0.00% 0.00 €0.00
,expand_more,Total: Demand Gen campaigns,,"€0.72 446,413 1,440 Clicks, engagements 0.32% €0.22 €322.04 0.00% 0.00 €0.00"
,expand_more,Total: Performance Max campaigns,,"€12.50 348,503 17,296 Clicks, engagements 4.96% €0.25 €4,354.91 0.42% 73.25 €59.45"
Total: Ages,,,,"€4.96 474,315 3,176 Clicks, engagements 0.67% €0.74 €2,350.52 2.45% 77.75 €30.23"
,,55 - 64,Rem | EU | DE customer list Campaign paused — — 0 0 — — €0.00 0.00% 0.00 €0.00
,,55 - 64,Rem | NL 14 days add cart Campaign paused — — 0 0 — — €0.00 0.00% 0.00 €0.00
,,55 - 64,Rem | NL customer list Campaign paused — — 0 0 — — €0.00 0.00% 0.00 €0.00
,,55 - 64,DGen | EN All Products Excluded from ad group — — 0 0 — — €0.00 0.00% 0.00 €0.00
,,55 - 64,ADa_Brand_NL Phrase Eligible — €13.33 12 2 Clicks 16.67% €0.08 €0.16 0.00% 0.00 €0.00
,,65+,Ehsan - Generic Search_Dutch_NL/BE Broad Campaign paused — — 0 0 — — €0.00 0.00% 0.00 €0.00
,,65+,S | Brand | NL Brand Campaign paused — €152.56 32 12 Clicks 37.50% €0.41 €4.88 16.67% 2.00 €2.44
,,65+,Ehsan - Generic Search_Dutch_NL/BE Phrase - Competitor Campaign paused — — 0 0 — — €0.00 0.00% 0.00 €0.00
,,65+,Ehsan - Generic Search_Dutch_NL/BE Exact Campaign paused — — 0 0 — — €0.00 0.00% 0.00 €0.00
,,65+,Remarketing Add payment info Campaign paused — — 0 0 — — €0.00 0.00% 0.00 €0.00
,,65+,S | General | NL competitor anni rolfi Campaign paused — — 0 0 — — €0.00 0.00% 0.00 €0.00
,,65+,S | General | NL competitor blom kousen Campaign paused — — 0 0 — — €0.00 0.00% 0.00 €0.00
,,65+,S | General | NL competitor calzedonia Campaign paused — — 0 0 — — €0.00 0.00% 0.00 €0.00
,,65+,S | General | NL competitor falke Campaign paused — — 0 0 — — €0.00 0.00% 0.00 €0.00
,,65+,S | General | NL competitor hedoïne Campaign paused — — 0 0 — — €0.00 0.00% 0.00 €0.00
,,65+,S | General | NL competitor heist studios Campaign paused — — 0 0 — — €0.00 0.00% 0.00 €0.00
,,65+,S | General | NL competitor hema Campaign paused — — 0 0 — — €0.00 0.00% 0.00 €0.00
,,65+,S | General | NL competitor hunkemoller Campaign paused — — 0 0 — — €0.00 0.00% 0.00 €0.00
,,65+,S | General | NL competitor kruidvat Campaign paused — — 0 0 — — €0.00 0.00% 0.00 €0.00
,,65+,S | General | NL competitor kunert Campaign paused — — 0 0 — — €0.00 0.00% 0.00 €0.00
,,65+,S | General | NL competitor marcmarcs Campaign paused — — 0 0 — — €0.00 0.00% 0.00 €0.00
,,65+,S | General | NL competitor oroblu Campaign paused — — 0 0 — — €0.00 0.00% 0.00 €0.00
,,65+,S | General | NL competitor sheertex Campaign paused — — 0 0 — — €0.00 0.00% 0.00 €0.00
,,65+,S | General | NL competitor snag tights Campaign paused — — 0 0 — — €0.00 0.00% 0.00 €0.00
,,65+,S | General | NL competitor swedish stockings Campaign paused — — 0 0 — — €0.00 0.00% 0.00 €0.00
,,65+,S | General | NL competitor wolford Campaign paused — — 0 0 — — €0.00 0.00% 0.00 €0.00
,,65+,S | General | NL competitor zeeman Campaign paused — — 0 0 — — €0.00 0.00% 0.00 €0.00
,,65+,S | General | NL panty 30 dernier Campaign paused — — 0 0 — — €0.00 0.00% 0.00 €0.00
,,65+,S | General | NL panty 30 dernier plus size Campaign paused — — 0 0 — — €0.00 0.00% 0.00 €0.00
,,65+,S | General | NL panty 50 dernier Campaign paused — — 0 0 — — €0.00 0.00% 0.00 €0.00
,expand_more,Total: Ages,,"€4.96 474,315 3,176 Clicks, engagements 0.67% €0.74 €2,350.52 2.45% 77.75 €30.23"
,expand_more,Total: Expansion and optimised targeting,,— 0 0 — — €0.00 0.00% 0.00 €0.00
,expand_more,Total: Account,,"€8.18 825,729 20,516 Clicks, engagements 2.48% €0.33 €6,757.84 0.74% 151.00 €44.75"
,expand_more,Total: Search campaigns,,"€72.70 27,902 1,736 Clicks 6.22% €1.17 €2,028.48 4.48% 77.75 €26.09"
,expand_more,Total: Display campaigns,,— 0 0 — — €0.00 0.00% 0.00 €0.00
,expand_more,Total: Shopping campaigns,,"€18.00 2,911 44 Clicks 1.51% €1.19 €52.41 0.00% 0.00 €0.00"
,expand_more,Total: Smart campaigns,,— 0 0 — — €0.00 0.00% 0.00 €0.00
,expand_more,Total: Demand Gen campaigns,,"€0.72 446,413 1,440 Clicks, engagements 0.32% €0.22 €322.04 0.00% 0.00 €0.00"
,expand_more,Total: Performance Max campaigns,,"€12.50 348,503 17,296 Clicks, engagements 4.96% €0.25 €4,354.91 0.42% 73.25 €59.45"
Total: Ages,,,,"€4.96 474,315 3,176 Clicks, engagements 0.67% €0.74 €2,350.52 2.45% 77.75 €30.23"
,,65+,S | General | NL panty 80 dernier Campaign paused — — 0 0 — — €0.00 0.00% 0.00 €0.00
,,65+,S | General | NL panty anti ladder Campaign paused — €143.85 26 1 Clicks 3.85% €3.74 €3.74 0.00% 0.00 €0.00
,,65+,S | General | NL panty anti ladder 30 den Campaign paused — — 0 0 — — €0.00 0.00% 0.00 €0.00
,,65+,S | General | NL panty anti ladder best Campaign paused — — 0 0 — — €0.00 0.00% 0.00 €0.00
,,65+,S | General | NL panty anti ladder zwart Campaign paused — — 0 0 — — €0.00 0.00% 0.00 €0.00
,,65+,S | General | NL panty bijenkorf Campaign paused — — 0 0 — — €0.00 0.00% 0.00 €0.00
,,65+,S | General | NL panty does not break Campaign paused — €141.66 101 8 Clicks 7.92% €1.79 €14.31 0.00% 0.00 €0.00
,,65+,S | General | NL panty ladder resist Campaign paused — €0.00 1 0 0.00% — €0.00 0.00% 0.00 €0.00
,,65+,S | General | NL panty onverwoestbare Campaign paused — €0.00 47 0 0.00% — €0.00 0.00% 0.00 €0.00
,,65+,S | General | NL panty stippen Campaign paused — €490.46 28 4 Clicks 14.29% €3.43 €13.73 0.00% 0.00 €0.00
,,65+,S | General | NL panty strong Campaign paused — €47.55 53 4 Clicks 7.55% €0.63 €2.52 0.00% 0.00 €0.00
,,65+,S | General | NL panty zwarte Campaign paused — — 0 0 — — €0.00 0.00% 0.00 €0.00
,,65+,Remarketing Visitors 7 days Campaign paused — — 0 0 — — €0.00 0.00% 0.00 €0.00
,,65+,S | Competitors | NL competitor anni rolfi Campaign paused — — 0 0 — — €0.00 0.00% 0.00 €0.00
,,65+,S | Competitors | NL competitor blom kousen Campaign paused — — 0 0 — — €0.00 0.00% 0.00 €0.00
,,65+,S | Competitors | NL competitor calzedonia Campaign paused — — 0 0 — — €0.00 0.00% 0.00 €0.00
,,65+,S | Competitors | NL competitor heist studios Campaign paused — — 0 0 — — €0.00 0.00% 0.00 €0.00
,,65+,S | Competitors | NL competitor kruidvat Campaign paused — — 0 0 — — €0.00 0.00% 0.00 €0.00
,,65+,S | Competitors | NL competitor oroblu Campaign paused — — 0 0 — — €0.00 0.00% 0.00 €0.00
,,65+,S | Competitors | NL competitor sheertex Campaign paused — — 0 0 — — €0.00 0.00% 0.00 €0.00
,,65+,S | Competitors | NL competitor snag tights Campaign paused — — 0 0 — — €0.00 0.00% 0.00 €0.00
,,65+,S | Competitors | NL competitor wolford Campaign paused — — 0 0 — — €0.00 0.00% 0.00 €0.00
,,65+,S | Competitors | NL competitor zeeman Campaign paused — — 0 0 — — €0.00 0.00% 0.00 €0.00
,,65+,S | Competitors | NL competitor falke Campaign paused — — 0 0 — — €0.00 0.00% 0.00 €0.00
,,65+,S | Competitors | NL competitor hedoïne Campaign paused — — 0 0 — — €0.00 0.00% 0.00 €0.00
,,65+,S | Competitors | NL competitor hema Campaign paused — — 0 0 — — €0.00 0.00% 0.00 €0.00
,,65+,S | Competitors | NL competitor hunkemoller Campaign paused — — 0 0 — — €0.00 0.00% 0.00 €0.00
,,65+,S | Competitors | NL competitor kunert Campaign paused — — 0 0 — — €0.00 0.00% 0.00 €0.00
,,65+,S | Competitors | NL competitor marcmarcs Campaign paused — — 0 0 — — €0.00 0.00% 0.00 €0.00
,,65+,S | Competitors | NL competitor swedish stockings Campaign paused — — 0 0 — — €0.00 0.00% 0.00 €0.00
,expand_more,Total: Ages,,"€4.96 474,315 3,176 Clicks, engagements 0.67% €0.74 €2,350.52 2.45% 77.75 €30.23"
,expand_more,Total: Expansion and optimised targeting,,— 0 0 — — €0.00 0.00% 0.00 €0.00
,expand_more,Total: Account,,"€8.18 825,729 20,516 Clicks, engagements 2.48% €0.33 €6,757.84 0.74% 151.00 €44.75"
,expand_more,Total: Search campaigns,,"€72.70 27,902 1,736 Clicks 6.22% €1.17 €2,028.48 4.48% 77.75 €26.09"
,expand_more,Total: Display campaigns,,— 0 0 — — €0.00 0.00% 0.00 €0.00
,expand_more,Total: Shopping campaigns,,"€18.00 2,911 44 Clicks 1.51% €1.19 €52.41 0.00% 0.00 €0.00"
,expand_more,Total: Smart campaigns,,— 0 0 — — €0.00 0.00% 0.00 €0.00
,expand_more,Total: Demand Gen campaigns,,"€0.72 446,413 1,440 Clicks, engagements 0.32% €0.22 €322.04 0.00% 0.00 €0.00"
,expand_more,Total: Performance Max campaigns,,"€12.50 348,503 17,296 Clicks, engagements 4.96% €0.25 €4,354.91 0.42% 73.25 €59.45"
Total: Ages,,,,"€4.96 474,315 3,176 Clicks, engagements 0.67% €0.74 €2,350.52 2.45% 77.75 €30.23"
,,65+,S | Brand | EU | DE Brand Campaign paused — €24.00 5 2 Clicks 40.00% €0.06 €0.12 0.00% 0.00 €0.00
,,65+,S | General | EU | DE strumpfhosen 80 dernier Campaign paused — — 0 0 — — €0.00 0.00% 0.00 €0.00
,,65+,S | General | EU | DE strumpfhosen anti ladder Campaign paused — — 0 0 — — €0.00 0.00% 0.00 €0.00
,,65+,S | General | EU | DE strumpfhosen bijenkorf Campaign paused — — 0 0 — — €0.00 0.00% 0.00 €0.00
,,65+,S | General | EU | DE strumpfhosen does not break Campaign paused — — 0 0 — — €0.00 0.00% 0.00 €0.00
,,65+,S | General | EU | DE strumpfhosen ladder resist Campaign paused — — 0 0 — — €0.00 0.00% 0.00 €0.00
,,65+,S | General | EU | DE strumpfhosen onverwoestbare Campaign paused — — 0 0 — — €0.00 0.00% 0.00 €0.00
,,65+,S | General | EU | DE strumpfhosen stippen Campaign paused — — 0 0 — — €0.00 0.00% 0.00 €0.00
,,65+,S | General | EU | EN tights 80 den Campaign paused — €0.00 1 0 0.00% — €0.00 0.00% 0.00 €0.00
,,65+,S | General | EU | EN tights anti ladder Campaign paused — €22.78 54 3 Clicks 5.56% €0.41 €1.23 0.00% 0.00 €0.00
,,65+,S | General | EU | EN tights does not break Campaign paused — €42.57 84 7 Clicks 8.33% €0.51 €3.58 0.00% 0.00 €0.00
,,65+,S | General | EU | EN tights ladder resist Campaign paused — €29.57 23 1 Clicks 4.35% €0.68 €0.68 0.00% 0.00 €0.00
,,65+,S | Brand | UK Brand Campaign paused — — 0 0 — — €0.00 0.00% 0.00 €0.00
,,65+,S | General | UK tights 80 den Campaign paused — — 0 0 — — €0.00 0.00% 0.00 €0.00
,,65+,S | General | UK tights anti ladder Campaign paused — €104.31 14 2 Clicks 14.29% €0.73 €1.46 0.00% 0.00 €0.00
,,65+,S | General | UK tights does not break Campaign paused — €0.00 3 0 0.00% — €0.00 0.00% 0.00 €0.00
,,65+,S | General | UK tights ladder resist Campaign paused — €0.00 3 0 0.00% — €0.00 0.00% 0.00 €0.00
Total: Ages,,,,"€4.96 474,315 3,176 Clicks, engagements 0.67% €0.74 €2,350.52 2.45% 77.75 €30.23"
,,65+,Rem | EU | DE 14 days add cart Campaign paused — — 0 0 — — €0.00 0.00% 0.00 €0.00
,,65+,Rem | EU | DE customer list Campaign paused — — 0 0 — — €0.00 0.00% 0.00 €0.00
,,65+,Rem | NL 14 days add cart Campaign paused — — 0 0 — — €0.00 0.00% 0.00 €0.00
,,65+,Rem | NL customer list Campaign paused — — 0 0 — — €0.00 0.00% 0.00 €0.00
,,65+,DGen | EN All Products Excluded from ad group — — 0 0 — — €0.00 0.00% 0.00 €0.00
,,65+,ADa_Brand_NL Phrase Eligible — — 0 0 — — €0.00 0.00% 0.00 €0.00
,,Unknown,Ehsan - Generic Search_Dutch_NL/BE Broad Campaign paused — — 0 0 — — €0.00 0.00% 0.00 €0.00
,,Unknown,S | Brand | NL Brand Campaign paused — €83.30 377 117 Clicks 31.03% €0.27 €31.40 11.97% 14.00 €2.24
,,Unknown,Ehsan - Generic Search_Dutch_NL/BE Phrase - Competitor Campaign paused — — 0 0 — — €0.00 0.00% 0.00 €0.00
,,Unknown,Ehsan - Generic Search_Dutch_NL/BE Exact Campaign paused — — 0 0 — — €0.00 0.00% 0.00 €0.00
,,Unknown,Remarketing Add payment info Campaign paused — — 0 0 — — €0.00 0.00% 0.00 €0.00
,,Unknown,S | General | NL competitor anni rolfi Campaign paused — — 0 0 — — €0.00 0.00% 0.00 €0.00
,,Unknown,S | General | NL competitor blom kousen Campaign paused — — 0 0 — — €0.00 0.00% 0.00 €0.00
,,Unknown,S | General | NL competitor calzedonia Campaign paused — — 0 0 — — €0.00 0.00% 0.00 €0.00
,,Unknown,S | General | NL competitor falke Campaign paused — — 0 0 — — €0.00 0.00% 0.00 €0.00
,,Unknown,S | General | NL competitor hedoïne Campaign paused — — 0 0 — — €0.00 0.00% 0.00 €0.00
,,Unknown,S | General | NL competitor heist studios Campaign paused — — 0 0 — — €0.00 0.00% 0.00 €0.00
,,Unknown,S | General | NL competitor hema Campaign paused — — 0 0 — — €0.00 0.00% 0.00 €0.00
,,Unknown,S | General | NL competitor hunkemoller Campaign paused — — 0 0 — — €0.00 0.00% 0.00 €0.00
,,Unknown,S | General | NL competitor kruidvat Campaign paused — — 0 0 — — €0.00 0.00% 0.00 €0.00
,,Unknown,S | General | NL competitor kunert Campaign paused — — 0 0 — — €0.00 0.00% 0.00 €0.00
,,Unknown,S | General | NL competitor marcmarcs Campaign paused — — 0 0 — — €0.00 0.00% 0.00 €0.00
,,Unknown,S | General | NL competitor oroblu Campaign paused — — 0 0 — — €0.00 0.00% 0.00 €0.00
,,Unknown,S | General | NL competitor sheertex Campaign paused — — 0 0 — — €0.00 0.00% 0.00 €0.00
,,Unknown,S | General | NL competitor snag tights Campaign paused — — 0 0 — — €0.00 0.00% 0.00 €0.00
,,Unknown,S | General | NL competitor swedish stockings Campaign paused — — 0 0 — — €0.00 0.00% 0.00 €0.00
,,Unknown,S | General | NL competitor wolford Campaign paused — — 0 0 — — €0.00 0.00% 0.00 €0.00
,,Unknown,S | General | NL competitor zeeman Campaign paused — — 0 0 — — €0.00 0.00% 0.00 €0.00
,,Unknown,S | General | NL panty 30 dernier Campaign paused — — 0 0 — — €0.00 0.00% 0.00 €0.00
,,Unknown,S | General | NL panty 30 dernier plus size Campaign paused — — 0 0 — — €0.00 0.00% 0.00 €0.00
,expand_more,Total: Ages,,"€4.96 474,315 3,176 Clicks, engagements 0.67% €0.74 €2,350.52 2.45% 77.75 €30.23"
,expand_more,Total: Expansion and optimised targeting,,— 0 0 — — €0.00 0.00% 0.00 €0.00
,expand_more,Total: Account,,"€8.18 825,729 20,516 Clicks, engagements 2.48% €0.33 €6,757.84 0.74% 151.00 €44.75"
,expand_more,Total: Search campaigns,,"€72.70 27,902 1,736 Clicks 6.22% €1.17 €2,028.48 4.48% 77.75 €26.09"
,expand_more,Total: Display campaigns,,— 0 0 — — €0.00 0.00% 0.00 €0.00
,expand_more,Total: Shopping campaigns,,"€18.00 2,911 44 Clicks 1.51% €1.19 €52.41 0.00% 0.00 €0.00"
,expand_more,Total: Smart campaigns,,— 0 0 — — €0.00 0.00% 0.00 €0.00
,expand_more,Total: Demand Gen campaigns,,"€0.72 446,413 1,440 Clicks, engagements 0.32% €0.22 €322.04 0.00% 0.00 €0.00"
,expand_more,Total: Performance Max campaigns,,"€12.50 348,503 17,296 Clicks, engagements 4.96% €0.25 €4,354.91 0.42% 73.25 €59.45"
Total: Ages,,,,"€4.96 474,315 3,176 Clicks, engagements 0.67% €0.74 €2,350.52 2.45% 77.75 €30.23"
,,Unknown,S | General | NL panty 50 dernier Campaign paused — — 0 0 — — €0.00 0.00% 0.00 €0.00
,,Unknown,S | General | NL panty 80 dernier Campaign paused — — 0 0 — — €0.00 0.00% 0.00 €0.00
,,Unknown,S | General | NL panty anti ladder Campaign paused — €100.54 503 19 Clicks 3.78% €2.66 €50.57 0.00% 0.00 €0.00
,,Unknown,S | General | NL panty anti ladder 30 den Campaign paused — — 0 0 — — €0.00 0.00% 0.00 €0.00
,,Unknown,S | General | NL panty anti ladder best Campaign paused — — 0 0 — — €0.00 0.00% 0.00 €0.00
,,Unknown,S | General | NL panty anti ladder zwart Campaign paused — €216.00 10 1 Clicks 10.00% €2.16 €2.16 0.00% 0.00 €0.00
,,Unknown,S | General | NL panty bijenkorf Campaign paused — — 0 0 — — €0.00 0.00% 0.00 €0.00
,,Unknown,"S | General | NL panty does not break Campaign paused — €74.91 2,178 93 Clicks 4.27% €1.75 €163.16 3.23% 3.00 €54.39"
,,Unknown,S | General | NL panty ladder resist Campaign paused — €181.90 21 1 Clicks 4.76% €3.82 €3.82 0.00% 0.00 €0.00
,,Unknown,"S | General | NL panty onverwoestbare Campaign paused — €89.29 1,131 52 Clicks 4.60% €1.94 €100.99 1.92% 1.00 €100.99"
,,Unknown,S | General | NL panty stippen Campaign paused — €50.36 778 19 Clicks 2.44% €2.06 €39.18 0.00% 0.00 €0.00
,,Unknown,"S | General | NL panty strong Campaign paused — €73.90 1,944 80 Clicks 4.12% €1.80 €143.66 0.00% 0.00 €0.00"
,,Unknown,S | General | NL panty zwarte Campaign paused — — 0 0 — — €0.00 0.00% 0.00 €0.00
,,Unknown,Remarketing Visitors 7 days Campaign paused — — 0 0 — — €0.00 0.00% 0.00 €0.00
,,Unknown,S | Competitors | NL competitor anni rolfi Campaign paused — — 0 0 — — €0.00 0.00% 0.00 €0.00
,,Unknown,S | Competitors | NL competitor blom kousen Campaign paused — — 0 0 — — €0.00 0.00% 0.00 €0.00
,,Unknown,S | Competitors | NL competitor calzedonia Campaign paused — — 0 0 — — €0.00 0.00% 0.00 €0.00
,,Unknown,S | Competitors | NL competitor heist studios Campaign paused — — 0 0 — — €0.00 0.00% 0.00 €0.00
,,Unknown,S | Competitors | NL competitor kruidvat Campaign paused — — 0 0 — — €0.00 0.00% 0.00 €0.00
,,Unknown,S | Competitors | NL competitor oroblu Campaign paused — — 0 0 — — €0.00 0.00% 0.00 €0.00
,,Unknown,S | Competitors | NL competitor sheertex Campaign paused — — 0 0 — — €0.00 0.00% 0.00 €0.00
,,Unknown,S | Competitors | NL competitor snag tights Campaign paused — — 0 0 — — €0.00 0.00% 0.00 €0.00
,,Unknown,S | Competitors | NL competitor wolford Campaign paused — — 0 0 — — €0.00 0.00% 0.00 €0.00
,,Unknown,S | Competitors | NL competitor zeeman Campaign paused — — 0 0 — — €0.00 0.00% 0.00 €0.00
,,Unknown,S | Competitors | NL competitor falke Campaign paused — — 0 0 — — €0.00 0.00% 0.00 €0.00
,,Unknown,S | Competitors | NL competitor hedoïne Campaign paused — — 0 0 — — €0.00 0.00% 0.00 €0.00
,,Unknown,S | Competitors | NL competitor hema Campaign paused — — 0 0 — — €0.00 0.00% 0.00 €0.00
,,Unknown,S | Competitors | NL competitor hunkemoller Campaign paused — — 0 0 — — €0.00 0.00% 0.00 €0.00
,,Unknown,S | Competitors | NL competitor kunert Campaign paused — — 0 0 — — €0.00 0.00% 0.00 €0.00
,,Unknown,S | Competitors | NL competitor marcmarcs Campaign paused — — 0 0 — — €0.00 0.00% 0.00 €0.00
,expand_more,Total: Ages,,"€4.96 474,315 3,176 Clicks, engagements 0.67% €0.74 €2,350.52 2.45% 77.75 €30.23"
,expand_more,Total: Expansion and optimised targeting,,— 0 0 — — €0.00 0.00% 0.00 €0.00
,expand_more,Total: Account,,"€8.18 825,729 20,516 Clicks, engagements 2.48% €0.33 €6,757.84 0.74% 151.00 €44.75"
,expand_more,Total: Search campaigns,,"€72.70 27,902 1,736 Clicks 6.22% €1.17 €2,028.48 4.48% 77.75 €26.09"
,expand_more,Total: Display campaigns,,— 0 0 — — €0.00 0.00% 0.00 €0.00
,expand_more,Total: Shopping campaigns,,"€18.00 2,911 44 Clicks 1.51% €1.19 €52.41 0.00% 0.00 €0.00"
,expand_more,Total: Smart campaigns,,— 0 0 — — €0.00 0.00% 0.00 €0.00
,expand_more,Total: Demand Gen campaigns,,"€0.72 446,413 1,440 Clicks, engagements 0.32% €0.22 €322.04 0.00% 0.00 €0.00"
,expand_more,Total: Performance Max campaigns,,"€12.50 348,503 17,296 Clicks, engagements 4.96% €0.25 €4,354.91 0.42% 73.25 €59.45"
Total: Ages,,,,"€4.96 474,315 3,176 Clicks, engagements 0.67% €0.74 €2,350.52 2.45% 77.75 €30.23"
,,Unknown,S | Competitors | NL competitor swedish stockings Campaign paused — — 0 0 — — €0.00 0.00% 0.00 €0.00
,,Unknown,S | Brand | EU | DE Brand Campaign paused — €16.45 51 16 Clicks 31.37% €0.05 €0.84 6.25% 1.00 €0.84
,,Unknown,S | General | EU | DE strumpfhosen 80 dernier Campaign paused — — 0 0 — — €0.00 0.00% 0.00 €0.00
,,Unknown,S | General | EU | DE strumpfhosen anti ladder Campaign paused — — 0 0 — — €0.00 0.00% 0.00 €0.00
,,Unknown,S | General | EU | DE strumpfhosen bijenkorf Campaign paused — — 0 0 — — €0.00 0.00% 0.00 €0.00
,,Unknown,S | General | EU | DE strumpfhosen does not break Campaign paused — — 0 0 — — €0.00 0.00% 0.00 €0.00
,,Unknown,S | General | EU | DE strumpfhosen ladder resist Campaign paused — — 0 0 — — €0.00 0.00% 0.00 €0.00
,,Unknown,S | General | EU | DE strumpfhosen onverwoestbare Campaign paused — — 0 0 — — €0.00 0.00% 0.00 €0.00
,,Unknown,S | General | EU | DE strumpfhosen stippen Campaign paused — — 0 0 — — €0.00 0.00% 0.00 €0.00
,,Unknown,S | General | EU | EN tights 80 den Campaign paused — €68.87 122 6 Clicks 4.92% €1.40 €8.40 0.00% 0.00 €0.00
,,Unknown,"S | General | EU | EN tights anti ladder Campaign paused — €29.47 1,947 68 Clicks 3.49% €0.84 €57.37 0.00% 0.00 €0.00"
,,Unknown,"S | General | EU | EN tights does not break Campaign paused — €43.88 3,566 184 Clicks 5.16% €0.85 €156.48 0.54% 1.00 €156.48"
,,Unknown,"S | General | EU | EN tights ladder resist Campaign paused — €35.87 1,082 52 Clicks 4.81% €0.75 €38.81 0.00% 0.00 €0.00"
,,Unknown,S | Brand | UK Brand Campaign paused — €2.50 4 1 Clicks 25.00% €0.01 €0.01 0.00% 0.00 €0.00
,,Unknown,S | General | UK tights 80 den Campaign paused — — 0 0 — — €0.00 0.00% 0.00 €0.00
,,Unknown,S | General | UK tights anti ladder Campaign paused — €49.40 320 15 Clicks 4.69% €1.05 €15.81 0.00% 0.00 €0.00
,,Unknown,S | General | UK tights does not break Campaign paused — €88.44 67 7 Clicks 10.45% €0.85 €5.93 0.00% 0.00 €0.00
,,Unknown,S | General | UK tights ladder resist Campaign paused — €41.43 56 4 Clicks 7.14% €0.58 €2.32 0.00% 0.00 €0.00
,,Unknown,S | General | UK competitors Campaign paused — — 0 0 — — €0.00 0.00% 0.00 €0.00
,,Unknown,S | General | UK tights black Campaign paused — — 0 0 — — €0.00 0.00% 0.00 €0.00
,,Unknown,S | General | EU | DE competitors Campaign paused — — 0 0 — — €0.00 0.00% 0.00 €0.00
,,Unknown,S | Brand | EU | EN Brand Campaign paused — €106.54 10 5 Clicks 50.00% €0.21 €1.07 0.00% 0.00 €0.00
,,Unknown,S | General | EU | EN competitors Campaign paused — — 0 0 — — €0.00 0.00% 0.00 €0.00
,,Unknown,S | General | EU | EN tights black Campaign paused — — 0 0 — — €0.00 0.00% 0.00 €0.00
,,Unknown,S | Brand | EU | FR Brand Campaign paused — €603.33 3 2 Clicks 66.67% €0.91 €1.81 0.00% 0.00 €0.00
,,Unknown,Rem | EU | EN 14 days add cart Campaign paused — — 0 0 — — €0.00 0.00% 0.00 €0.00
,,Unknown,Rem | EU | FR 14 days add cart Campaign paused — — 0 0 — — €0.00 0.00% 0.00 €0.00
,,Unknown,Rem | EU | FR customer list Campaign paused — — 0 0 — — €0.00 0.00% 0.00 €0.00
,,Unknown,S | General | EU | FR Collants solides Campaign paused — — 0 0 — — €0.00 0.00% 0.00 €0.00
,,Unknown,ADa_Brand_NL Exact Eligible — €16.43 14 7 Clicks 50.00% €0.03 €0.23 28.57% 2.00 €0.12
,expand_more,Total: Ages,,"€4.96 474,315 3,176 Clicks, engagements 0.67% €0.74 €2,350.52 2.45% 77.75 €30.23"
,expand_more,Total: Expansion and optimised targeting,,— 0 0 — — €0.00 0.00% 0.00 €0.00
,expand_more,Total: Account,,"€8.18 825,729 20,516 Clicks, engagements 2.48% €0.33 €6,757.84 0.74% 151.00 €44.75"
,expand_more,Total: Search campaigns,,"€72.70 27,902 1,736 Clicks 6.22% €1.17 €2,028.48 4.48% 77.75 €26.09"
,expand_more,Total: Display campaigns,,— 0 0 — — €0.00 0.00% 0.00 €0.00
,expand_more,Total: Shopping campaigns,,"€18.00 2,911 44 Clicks 1.51% €1.19 €52.41 0.00% 0.00 €0.00"
,expand_more,Total: Smart campaigns,,— 0 0 — — €0.00 0.00% 0.00 €0.00
,expand_more,Total: Demand Gen campaigns,,"€0.72 446,413 1,440 Clicks, engagements 0.32% €0.22 €322.04 0.00% 0.00 €0.00"
,expand_more,Total: Performance Max campaigns,,"€12.50 348,503 17,296 Clicks, engagements 4.96% €0.25 €4,354.91 0.42% 73.25 €59.45"